Id	Path	Function	Verdict	Severity	Rationale
F01384	src/PhotoReview.Core/Catalog/CaptureGroup.cs	CaptureGroup.public CaptureGroup(string jpegPath, string rawPath, string? xmpPath = null)	OK	-	Ctor rejects null/blank jpegPath, rawPath and non-null xmpPath via ThrowIfNullOrWhiteSpace; Array.AsReadOnly caches (ImagePaths/Paths) are built once so callers cannot mutate them; jpegPath==rawPath is not rejected but no producer can create it (Build keys by extension, RestoreMembers uses Build). No direct ctor-throws test found (exercised via CaptureGroupBuilderTests/CaptureAndEntryMutationGapTests).
F01385	src/PhotoReview.Core/Catalog/CaptureGroup.cs	CaptureGroup.public bool Equals(CaptureGroup? other)	OK	-	Hand-written Equals(CaptureGroup?) compares the three paths OrdinalIgnoreCase and null-safe (null XmpPath == null XmpPath); needed because compiler record equality would compare the cached arrays by reference. Checked other==null. Tests: CaptureGroup_EqualsNull_IsFalseWithoutThrowing, Equals_SamePathsIgnoringCase_AreEqualWithSameHashCode, Equals_DifferentRawOrSidecar_AreNotEqual.
F01386	src/PhotoReview.Core/Catalog/CaptureGroup.cs	CaptureGroup.public override int GetHashCode()	OK	-	HashCode.Add with OrdinalIgnoreCase for all three paths is consistent with Equals (equal-ignoring-case groups hash equal; null XmpPath hashes as 0). Tests: CaptureGroup_SamePathsInDifferentCase_AreEqualWithEqualHashCodes, CaptureGroup_DifferentGroups_HaveDifferentHashCodes.
F01387	src/PhotoReview.Core/Catalog/CaptureGroup.cs	CaptureGroup.public string GetRepresentativePath(RawPairMode mode)	OK	-	PreferJpeg/PreferRaw return the member; Separate (and any undefined enum value) throws ArgumentOutOfRangeException, which is correct because Separate never creates groups; all callers (GroupEntries, RestoreMembers, TryReformGroup) are guarded by mode != Separate. No direct unit test of the throwing branch found (covered indirectly by GroupEntries tests).
F01388	src/PhotoReview.Core/Catalog/CaptureGroup.cs	CaptureGroup.ImagePaths.get	OK	-	Returns the cached read-only [Jpeg,Raw] list; never null, same instance each call (Paths_TakenBeforeAChange style tests rely on stability). Used by ReviewCatalog index build and RemovePaths: order JPEG first is what survivor selection in RemovePaths assumes.
F01389	src/PhotoReview.Core/Catalog/CaptureGroup.cs	CaptureGroup.Paths.get	OK	-	Cached [Jpeg,Raw] plus optional Xmp list; XMP appended last so image members are always the first two entries (FileActionService group moves iterate it). Read-only wrapper over a private array: no external mutation.
F01390	src/PhotoReview.Core/Catalog/CaptureGroupBuilder.cs	CaptureGroupBuilder.public static IReadOnlyList<CaptureGroup> Build(IEnumerable<string> imagePaths, IEnumerable<string>? sidecarPaths = null)	OK	-	Checked: null imagePaths throws; blank/non-image extensions skipped; buckets keyed by (dir, basename) OrdinalIgnoreCase with Path.GetDirectoryName normalising separators so C:/a and C:\a pair; a bucket groups only with exactly 1 JPEG (.jpg/.jpeg) and exactly 1 RAW (duplicates or case-variant twins stay ungrouped, which is the safe direction); first-seen order is kept (deterministic). Edited .tif next to RAW is never the JPEG side. Tests: Build_LeavesUnpairedAndAmbiguousFilesSeparate, Build_NonJpegImageNextToRaw_IsNotGrouped, Build_MatchesSameFolderAndBasenameIgnoringCase_AndIncludesXmp.
F01391	src/PhotoReview.Core/Catalog/CaptureGroupBuilder.cs	CaptureGroupBuilder.private static string? ChooseSidecar(Dictionary<CaptureKey, List<string>> sidecars, CaptureKey key, string jpegPath, string rawPath)	OK	-	Checked sidecar choice: exact base-named .xmp wins and two case-variants yield null (no weaker fallback), else exactly one file.ext.xmp among both members, 2+ candidates yield null; early return when no sidecars keeps the 10k-entry hot path allocation-free. Ambiguity means no sidecar is claimed so sidecar stays put on Move/Recycle (documented). Tests: Build_SidecarNamedBaseXmpWinsOverFileExtensionSidecars, Build_TwoCompetingFileExtensionSidecars_AreAmbiguousAndLeftOutOfTheGroup.
F01392	src/PhotoReview.Core/Catalog/CaptureGroupBuilder.cs	CaptureGroupBuilder.public static IReadOnlyList<CatalogEntry> GroupEntries( IReadOnlyList<CatalogEntry> entries, RawPairMode mode, IEnumerable<string>? sidecarPaths = null)	OK	-	Checked: null entries throws, undefined mode throws before any state change, Separate and no-groups return a copy; collapsed entry takes the position of the first member seen and the representative entry (own metadata) with CaptureGroup set; emitted set uses reference equality so one emission per group; representative always present in entryByPath because Build derives groups from these same paths. Duplicate paths (case variants) make the bucket ambiguous so nothing is dropped. Tests: GroupEntries_CollapsedEntryTakesPositionOfFirstMemberSeen_NotTheRepresentative, GroupEntries_UsesSelectedRepresentativeAndKeepsBothMembersAddressable, GroupEntries_TenThousandPaths_GroupsAllPairsWithBoundedAllocation.
F01393	src/PhotoReview.Core/Catalog/CaptureGroupBuilder.cs	CaptureGroupBuilder.lambda in GroupEntries	OK	-	Lambda entry => entry.Path projecting the catalog entries to Build; trivial, null entries are filtered earlier in ReviewCatalog.Reset.
F01394	src/PhotoReview.Core/Catalog/CaptureGroupBuilder.cs	CaptureGroupBuilder.private static Dictionary<CaptureKey, List<string>> IndexSidecars(IEnumerable<string>? sidecarPaths)	OK	-	Indexes only .xmp (extension compared OrdinalIgnoreCase) by (folder, name without .xmp) so a.xmp sits under a and a.cr2.xmp under a.cr2; null/blank skipped; same-key duplicates accumulate in the list so ambiguity is detectable by Count. Tests: Build_SidecarThatIsNotAnXmpFile_IsNotAttachedToTheGroup, Build_XmpSidecarWithMatchingName_IsAttached.
F01395	src/PhotoReview.Core/Catalog/CaptureGroupBuilder.cs	CaptureGroupBuilder.PathBucket.public void AddJpeg(string path)	OK	-	Records only the first JPEG path and a count: second JPEG makes JpegCount 2 so the bucket is rejected, never silently picking one of two JPEGs (which could act on the wrong file). Trivial and covered by Build_LeavesUnpairedAndAmbiguousFilesSeparate.
F01396	src/PhotoReview.Core/Catalog/CaptureGroupBuilder.cs	CaptureGroupBuilder.PathBucket.public void AddRaw(string path)	OK	-	Same first-path-plus-count logic for RAW; ambiguity (two RAWs of one basename, e.g. A.CR2 and A.DNG) correctly leaves the bucket ungrouped. Covered by Build_LeavesUnpairedAndAmbiguousFilesSeparate.
F01397	src/PhotoReview.Core/Catalog/CaptureGroupBuilder.cs	CaptureGroupBuilder.CaptureKeyComparer.public bool Equals(CaptureKey x, CaptureKey y)	OK	-	Compares Directory and BaseName OrdinalIgnoreCase, consistent with Windows path semantics and with GetHashCode; struct keys so no allocation. Covered implicitly by Build_MatchesSameFolderAndBasenameIgnoringCase_AndIncludesXmp.
F01398	src/PhotoReview.Core/Catalog/CaptureGroupBuilder.cs	CaptureGroupBuilder.CaptureKeyComparer.public int GetHashCode(CaptureKey obj)	OK	-	HashCode.Combine of OrdinalIgnoreCase hashes of both parts; consistent with Equals; Directory is never null because Build substitutes string.Empty for GetDirectoryName null.
F01399	src/PhotoReview.Core/Catalog/CatalogEntry.cs	CatalogEntry.Path.init	OK	-	init accessor re-validates via RequirePath so entry with { Path = blank } throws ArgumentException instead of smuggling an empty path; field keyword backing store. Test: Path_RejectsBlank_ViaConstructorAndWith.
F01400	src/PhotoReview.Core/Catalog/CatalogEntry.cs	CatalogEntry.public bool Matches(FileStat stat)	OK	-	Length and LastWriteUtc must both equal the stat; unknown (null) Length never matches so an unstatted entry is treated as changed (safe). FileStat is a record class but all callers pass a non-null stat. Compared by DateTime ticks (Kind ignored), fine for UTC from FileInfo. Covered via ImagePresenter tests; no direct unit test of Matches found.
F01401	src/PhotoReview.Core/Catalog/CatalogEntry.cs	CatalogEntry.public CatalogEntry WithMetadata(long length, DateTime lastWriteUtc, int? width = null, int? height = null)	OK	-	Stat unchanged keeps unsupplied width/height, changed stat drops them, supplied dims always win; partial dims (width only) with changed stat leave Height null which is acceptable. Tests: WithMetadata_UnchangedStat_KeepsDimensions, WithMetadata_ChangedStat_DropsOrReplacesDimensions, WithMetadata_SuppliedDimensionsReplaceTheKnownOnesEvenWhenTheStatIsUnchanged. Negative lengths are not rejected (callers pass FileInfo.Length so cannot be negative).
F01402	src/PhotoReview.Core/Catalog/CatalogEntry.cs	CatalogEntry.private static string RequirePath(string? path)	OK	-	Null, empty and whitespace all throw ArgumentException with paramName path; used by both ctor initialiser and init. Test: Path_RejectsBlank_ViaConstructorAndWith, CatalogEntry_InvalidPath_ThrowsArgumentException.
F01403	src/PhotoReview.Core/Catalog/ComparePairService.cs	ComparePairService.public static (string Left, string Right)? Find(IEnumerable<string> files, string path)	OK	-	Legacy per-query pair finder: same folder + extension (OrdinalIgnoreCase), base stem via ^(.*) \(\d+\)$, original = first path-sorted file with the base stem, numbered = the path itself when numbered else lowest-suffix variant. Path.GetFullPath throws on null/invalid chars (callers pass scanned paths). No production caller (ImagePresenter uses BuildIndex); kept as oracle for ComparePairFuzzTests.BuildIndex_MatchesFind and ComparePairServiceTests.
F01404	src/PhotoReview.Core/Catalog/ComparePairService.cs	ComparePairService.lambda in Find	OK	-	Where predicate: same directory (GetFullPath-normalised, OrdinalIgnoreCase) and same extension; GetFullPath called per candidate is O(n) per Find which is why BuildIndex exists. Oracle only.
F01405	src/PhotoReview.Core/Catalog/ComparePairService.cs	ComparePairService.lambda in Find	OK	-	OrderBy key GetFullPath with OrdinalIgnoreCase: deterministic path order which defines which file is the original. Oracle only.
F01406	src/PhotoReview.Core/Catalog/ComparePairService.cs	ComparePairService.lambda in Find	OK	-	ThenBy key with Ordinal breaks ties between case variants deterministically. Oracle only.
F01407	src/PhotoReview.Core/Catalog/ComparePairService.cs	ComparePairService.lambda in Find	OK	-	FirstOrDefault predicate: stem equals base stem OrdinalIgnoreCase, picks first in sorted order; matches BuildIndex originals.TryAdd. Verified by ComparePairFuzzTests.
F01408	src/PhotoReview.Core/Catalog/ComparePairService.cs	ComparePairService.lambda in Find	OK	-	selected candidate when the query path itself is numbered and present in the list; if the path is absent the lowest numbered variant is returned instead, which BuildIndex never queries. Oracle only.
F01409	src/PhotoReview.Core/Catalog/ComparePairService.cs	ComparePairService.lambda in Find	OK	-	Where candidate IsNumberedVariantOf(baseStem) feeding OrderBy(NumberedSuffix) and FirstOrDefault: lowest suffix wins, ties keep path order (OrderBy stable). Oracle only.
F01410	src/PhotoReview.Core/Catalog/ComparePairService.cs	ComparePairService.public static Dictionary<string, (string Left, string Right)> BuildIndex(IEnumerable<string> files)	ISSUE	P3	Result equals Find for every key (ComparePairFuzzTests.BuildIndex_MatchesFind) and handles duplicates, depth-2 numbering and case-variant folders. Performance: ImagePresenter.GetComparePair rebuilds the whole index on the UI thread at the next key press whenever StructuralVersion changed (every Recycle/Move/Undo), including folders with no numbered files at all. Measured 229 ms for 100k paths (86 ms at 10k incl. JIT) in a scratch program. See W2-CC-05.
F01411	src/PhotoReview.Core/Catalog/ComparePairService.cs	ComparePairService.lambda in BuildIndex	OK	-	Select lambda computing (Path, Full) once per file so GetFullPath is not repeated by the sort comparers; throws on invalid path (scanned paths cannot be invalid).
F01412	src/PhotoReview.Core/Catalog/ComparePairService.cs	ComparePairService.lambda in BuildIndex	OK	-	OrderBy on full path OrdinalIgnoreCase: the order in which originals are chosen and ties resolved; same rule as Find.
F01413	src/PhotoReview.Core/Catalog/ComparePairService.cs	ComparePairService.lambda in BuildIndex	OK	-	ThenBy Ordinal tie-break for case-variant twins; same rule as Find.
F01414	src/PhotoReview.Core/Catalog/ComparePairService.cs	ComparePairService.lambda in BuildIndex	OK	-	GroupBy key (folder, extension) with FolderExtensionComparer (OrdinalIgnoreCase) so DSC0001.JPG pairs with DSC0001 (1).jpg; folder null only for a root path which is never a file.
F01415	src/PhotoReview.Core/Catalog/ComparePairService.cs	ComparePairService.private static Comparison<string> CompareBySuffixStable(List<string> original)	OK	-	List.Sort is unstable, so ties on suffix fall back to the position in the already path-sorted list; position dictionary uses TryAdd so duplicate identical paths get the first position and the comparer stays consistent (a, a) == 0.
F01416	src/PhotoReview.Core/Catalog/ComparePairService.cs	ComparePairService.lambda in CompareBySuffixStable	OK	-	Comparison lambda: suffix compare then original position; consistent total order (no int overflow because CompareTo, not subtraction). position[a] cannot miss because the dictionary is built from the same list.
F01417	src/PhotoReview.Core/Catalog/ComparePairService.cs	ComparePairService.private static bool IsNumberedVariantOf(string candidate, string baseStem)	OK	-	Candidate must be strictly longer than baseStem and match ^(.*) \(\d+\)$ with group1 equal to baseStem OrdinalIgnoreCase. Note \d also matches non-ASCII digits (NumberedSuffix then falls back to int.MaxValue); harmless ordering only. Covered by ComparePairServiceTests and fuzz tests.
F01418	src/PhotoReview.Core/Catalog/ComparePairService.cs	ComparePairService.private static int NumberedSuffix(string candidate)	OK	-	Takes the trailing (n) of the stem; int.TryParse failure (huge or non-ASCII digits) yields int.MaxValue so such variants sort last, no exception; int.TryParse without an explicit culture is safe here because the string is digits only. Verified (x (99999999999)) sorts after x (1)/x (2) in a scratch run.
F01419	src/PhotoReview.Core/Catalog/ComparePairService.cs	ComparePairService.FolderExtensionComparer.public bool Equals((string? Folder, string Extension) x, (string? Folder, string Extension) y)	OK	-	Folder and extension compared OrdinalIgnoreCase (null folder equals null folder only); consistent with the hash code.
F01420	src/PhotoReview.Core/Catalog/ComparePairService.cs	ComparePairService.FolderExtensionComparer.public int GetHashCode((string? Folder, string Extension) obj)	OK	-	Hash combines OrdinalIgnoreCase hashes with null folder as 0; consistent with Equals.
F01421	src/PhotoReview.Core/Catalog/DragDropInputService.cs	DragDropInputResult.IsValid.get	OK	-	Valid only when Kind is not Invalid AND FolderPath is non-null. Test: DragDropResult_IsValid_NeedsAKindOtherThanInvalidAndAFolder.
F01422	src/PhotoReview.Core/Catalog/DragDropInputService.cs	DragDropInputService.public static DragDropInputResult Parse(IEnumerable<string>? paths, bool rawEnabled = false)	ISSUE	P3	Folder wins over files; images are filtered by File.Exists + IsSupported(rawEnabled) and the first image defines the folder; mixed folders and unsupported files produce the right warnings; null/blank handled. Defect: the same existing folder dropped twice in different spellings (trailing separator) is counted as an ignored path and raises the spurious OnlyFirstFolder warning (reproduced: Parse([d, d+sep]) gives IgnoredPathCount=1 and a warning). Also performs synchronous Directory.Exists/File.Exists per dropped path on the caller thread (UI in MainViewModel.OpenDropped). See W2-CC-06.
F01423	src/PhotoReview.Core/Catalog/DragDropInputService.cs	DragDropInputService.lambda in Parse	OK	-	Where filter dropping null/whitespace paths so later Directory.Exists never sees them.
F01424	src/PhotoReview.Core/Catalog/DragDropInputService.cs	DragDropInputService.lambda in Parse	ISSUE	P3	Count predicate compares the raw dropped string with the chosen folder using OrdinalIgnoreCase, so a trailing-separator or forward-slash spelling of the same folder is counted as ignored; should compare Normalize()d, separator-trimmed paths. See W2-CC-06.
F01425	src/PhotoReview.Core/Catalog/DragDropInputService.cs	DragDropInputService.lambda in Parse	OK	-	Where File.Exists and ImageFileTypes.IsSupported(path, rawEnabled): RAW only accepted when RAW support is on; missing files are excluded. Test: ParseUnsupportedFileIsInvalid, DragDropParse_ImageAndUnsupportedFile_CountsTheUnsupportedOneAsIgnoredAndWarns.
F01426	src/PhotoReview.Core/Catalog/DragDropInputService.cs	DragDropInputService.lambda in Parse	OK	-	Accepted images are those whose normalised directory equals the first image's folder (OrdinalIgnoreCase); images from other folders raise MixedFolders and are counted ignored. Test: DragDropParse_ImagesFromTwoFolders_KeepsTheFirstFolderAndWarnsAboutMixedFolders.
F01427	src/PhotoReview.Core/Catalog/DragDropInputService.cs	DragDropInputService.private static string Normalize(string path)	OK	-	Path.GetFullPath; callers only pass paths that already passed Directory.Exists/File.Exists, so invalid characters cannot reach it; relative paths resolve against the process CWD (drag/drop always supplies absolute paths).
F01428	src/PhotoReview.Core/Catalog/ExplorerReason.cs	ExplorerReason.public static string Format(string code, params string[] details)	ISSUE	P3	Latent: details are joined with | without escaping, so a detail containing | (for example a COM call name or exception text) round-trips as extra details (reproduced: Format(code,a|b) then Parse gives 2 details). Every current caller passes pipe-free text (type names, 0xHRESULT, counts, fixed COM call names) so there is no live failure; params null would throw NullReferenceException. See W2-CC-07. Test: FormatThenParse_RoundTripsCodeAndDetails (no pipe case).
F01429	src/PhotoReview.Core/Catalog/ExplorerReason.cs	ExplorerReason.public static (string Code, string[] Details) Parse(string reason)	OK	-	Null throws ArgumentNullException; empty string gives code empty with no details; no separator gives itself as code (documented); parts[1..] never throws. Tests: Parse_TextWithoutSeparator_IsItsOwnCodeWithNoDetails, FormatThenParse_RoundTripsCodeAndDetails.
F01430	src/PhotoReview.Core/Catalog/ExplorerSnapshotValidator.cs	ExplorerSnapshotValidator.public static bool TryValidate(ExplorerViewSnapshot snapshot, IReadOnlyCollection<string> scannedFiles, out IReadOnlyList<string> ordered, out string? reason)	ISSUE	P3	Wrapper converts ArgumentException/NotSupported/IO errors from COM-sourced data into IncompleteSnapshot instead of crashing the load (tests: NullPieces_ReturnFalse, InvalidCandidatePath_ReturnsFalse, ExplorerSnapshotValidator_NullSnapshot_IsAnIncompleteSnapshotNotACrash). Defect shared with TryValidateCore: the ordered list returns normalised strings, not the caller's scanned strings, so a catalog whose paths carry the extended prefix is rejected by ReviewCatalog.ReplaceOrder. See W2-CC-01.
F01431	src/PhotoReview.Core/Catalog/ExplorerSnapshotValidator.cs	ExplorerSnapshotValidator.private static bool TryValidateCore(ExplorerViewSnapshot snapshot, IReadOnlyCollection<string> scannedFiles, out IReadOnlyList<string> ordered, out string? reason)	ISSUE	P3	Validation logic is sound (status, null list, folder canonicalisation, per-item empty/outside/duplicate checks, set equality via counts because seen rejects duplicates; sub-folders and non-image files are skipped; Explorer extras are ignored). Defect: result holds NormalizePath(candidate) which strips the \\?\ prefix, while FolderLoadCoordinator passes the scanned strings to ReplaceOrder verbatim; with scanned paths starting with the extended prefix validation returns true but ReplaceOrder returns false, silently dropping Explorer order (reproduced in scratch program). See W2-CC-01.
F01432	src/PhotoReview.Core/Catalog/ExplorerSnapshotValidator.cs	ExplorerSnapshotValidator.public static string CanonicalizeFolder(string folder)	OK	-	NormalizePath then TrimEndingDirectorySeparator; a drive or UNC root keeps its separator so C:\ and C: are not confused. Throws for null/invalid (caught by callers). Test: CanonicalizeFolderIsIdempotent, DriveRootFolderIsSupported, UncFolderIsSupportedInBothSpellings.
F01433	src/PhotoReview.Core/Catalog/ExplorerSnapshotValidator.cs	ExplorerSnapshotValidator.public static string NormalizePath(string path)	OK	-	GetFullPath then strips \\?\UNC\ to \\ and \\?\X: to X:, leaves other \\?\ forms (Volume GUID) untouched; length guard before indexing full[5]. Tests: NormalizePath_StripsTheExtendedPrefixOnlyFromDriveLetterPaths, NormalizePathStripsExtendedPrefixOnly.
F01434	src/PhotoReview.Core/Catalog/ExplorerSnapshotValidator.cs	ExplorerSnapshotValidator.private static bool InFolder(string normalizedPath, string canonicalFolder)	OK	-	Span-based directory compare avoids per-item allocation, falls back to SamePath so the verdict equals the full comparison (ExplorerSnapshotValidatorEquivalenceTests.MatchesOriginal_OnMutatedSnapshots); root-level files give a directory with trailing separator that equals the canonical root.
F01435	src/PhotoReview.Core/Catalog/ExplorerSnapshotValidator.cs	ExplorerSnapshotValidator.public static bool SamePath(string first, string second)	OK	-	Compares canonicalised folders OrdinalIgnoreCase; throws on invalid input (callers ExplorerOrderService/WindowSelector wrap in try). Test: CanonicalizeFolderAndSamePathWorkCorrectly.
F01436	src/PhotoReview.Core/Catalog/GenerationClock.cs	GenerationClock.public GenerationClock(long initialNavigation = 0, long initialFolder = 0, long initialInteraction = 0)	OK	-	Plain field initialisation of the three counters (negative or long.MaxValue seeds allowed; Interlocked.Increment would wrap at MaxValue which is unreachable). Test: Constructor_InitializesGenerationsToSpecifiedValues.
F01437	src/PhotoReview.Core/Catalog/GenerationClock.cs	GenerationClock.CurrentNavigation.get	OK	-	Volatile.Read of a long field (atomic on x64, Volatile.Read guarantees on 32-bit too). Test: Next_IncrementsMonotonicallyAndUpdatesCurrent.
F01438	src/PhotoReview.Core/Catalog/GenerationClock.cs	GenerationClock.public long NextNavigation()	OK	-	Interlocked.Increment returns the new value so concurrent callers get distinct tokens. Tests: Next_IncrementsMonotonicallyAndUpdatesCurrent, ConcurrentIncrements_AreThreadSafeAndAccurate.
F01439	src/PhotoReview.Core/Catalog/GenerationClock.cs	GenerationClock.public bool IsNavigationCurrent(long generation)	OK	-	Volatile.Read equality; a stale token never matches because counters only grow. Covered by GenerationClockTests and the App folder/navigation tests that cancel stale work.
F01440	src/PhotoReview.Core/Catalog/GenerationClock.cs	GenerationClock.CurrentFolder.get	OK	-	Volatile.Read of the folder counter; independent from navigation/interaction counters by design.
F01441	src/PhotoReview.Core/Catalog/GenerationClock.cs	GenerationClock.public long NextFolder()	OK	-	Interlocked.Increment on the folder generation; returned value is the new token. Concurrency covered by ConcurrentIncrements_AreThreadSafeAndAccurate.
F01442	src/PhotoReview.Core/Catalog/GenerationClock.cs	GenerationClock.public bool IsFolderCurrent(long generation)	OK	-	Equality check against the volatile folder counter; used by FileActionController/FolderLoadCoordinator staleness checks (R02/R08 findings in WORK-REVIEW concern the callers, not this primitive).
F01443	src/PhotoReview.Core/Catalog/GenerationClock.cs	GenerationClock.CurrentInteraction.get	OK	-	Volatile.Read of the interaction counter.
F01444	src/PhotoReview.Core/Catalog/GenerationClock.cs	GenerationClock.public long NextInteraction()	OK	-	Interlocked.Increment on the interaction counter.
F01445	src/PhotoReview.Core/Catalog/GenerationClock.cs	GenerationClock.public bool IsInteractionCurrent(long generation)	OK	-	Equality against the volatile interaction counter.
F01446	src/PhotoReview.Core/Catalog/GenerationClock.cs	GenerationClock.public void StopForAction()	OK	-	Three independent Interlocked increments, documented as not one atomic step (a concurrent reader may see navigation advanced before folder); consumers only compare tokens so no inconsistent state is exposed. Tests: StopForAction_IncrementsAllThreeCountersSimultaneously, ConcurrentStopForAction_IncrementsAllCountersWithoutLoss.
F01447	src/PhotoReview.Core/Catalog/ImageFileTypes.cs	ImageFileTypes.RawExtensions.get	OK	-	Exposes the private HashSet as IReadOnlySet; case-insensitive, exactly eight RAW extensions (test pins them). Callers could cast to HashSet and mutate but nothing in the repo does. Test: RawExtensions_AreExactlyTheEightApprovedFormats.
F01448	src/PhotoReview.Core/Catalog/ImageFileTypes.cs	ImageFileTypes.public static bool IsRawPath(ReadOnlySpan<char> path)	OK	-	Span overload uses HashSet.GetAlternateLookup over the OrdinalIgnoreCase comparer (supported on .NET 10) with Path.GetExtension(span) so it is allocation-free; empty extension and dotfiles return false. Test: IsRawPath_StringOverload_HandlesNullAndRawAndNonRawNames (string overload) plus ImageFileTypesTests.
F01449	src/PhotoReview.Core/Catalog/ImageFileTypes.cs	ImageFileTypes.public static bool IsRawPath(string? path)	OK	-	Null returns false, otherwise delegates to the span overload. Test: IsRawPath_StringOverload_HandlesNullAndRawAndNonRawNames.
F01450	src/PhotoReview.Core/Catalog/ImageFileTypes.cs	ImageFileTypes.public static bool IsSupported(string path)	OK	-	Delegates with rawEnabled false so RAW files are not supported by default. Test: IsSupportedValidatesExtensions.
F01451	src/PhotoReview.Core/Catalog/ImageFileTypes.cs	ImageFileTypes.public static bool IsSupported(string path, bool rawEnabled)	OK	-	Blank path and extensionless names rejected; case-insensitive set lookup; RAW only when rawEnabled. Does not accept .xmp (handled separately by FolderLoadCoordinator). Test: IsSupportedValidatesExtensions.
F01452	src/PhotoReview.Core/Catalog/ImageSortService.cs	ImageSortService.public static List<CatalogEntry> SortEntries( IEnumerable<CatalogEntry> entries, ImageSortMode mode, INaturalComparer? naturalComparer = null)	OK	-	Default keeps enumeration order, NameAscending/unknown enum values use natural name order, NameDescending is the exact reverse of ascending, Size sorts use Length with unknown as -1 then name tie-break (stable OrderBy). Managed comparer path precomputes natural keys (perf) with the identical comparison. Tests: ImageSortServiceTests (12 cases), NaturalSortPropertyTests, SortAndPairMutationGapTests. Production caller: FolderLoadCoordinator.LoadAsync with the default comparer.
F01453	src/PhotoReview.Core/Catalog/ImageSortService.cs	ImageSortService.NameOf(CatalogEntry entry)	OK	-	Local function Path.GetFileName(entry.Path); returns an empty string for a path ending in a separator which cannot happen for CatalogEntry file paths.
F01454	src/PhotoReview.Core/Catalog/ImageSortService.cs	ImageSortService.lambda in SortEntries	OK	-	OrderByDescending key entry.Length ?? -1L: unknown size sorts last in descending mode.
F01455	src/PhotoReview.Core/Catalog/ImageSortService.cs	ImageSortService.lambda in SortEntries	OK	-	OrderBy key entry.Length ?? -1L: unknown size sorts first in ascending mode (acceptable, scan always supplies Length except when stat failed).
F01456	src/PhotoReview.Core/Catalog/ImageSortService.cs	ImageSortService.private static List<T> Reversed<T>(List<T> ascending)	OK	-	Reverses the freshly created list in place (private list so no aliasing); reversing the ascending order also reverses ties, which is exactly the documented NameDescending contract.
F01457	src/PhotoReview.Core/Catalog/ImageSortService.cs	ImageSortService.private static IOrderedEnumerable<T> OrderByName<T>(IEnumerable<T> items, Func<T, string?> nameOf, INaturalComparer comparer)	OK	-	ManagedNaturalComparer instance takes the key-caching path whose order equals Compare (same key, case-insensitive, ordinal tie-breaks); any other INaturalComparer uses the generic comparer. Test: ManagedNaturalComparerEquivalenceTests.
F01458	src/PhotoReview.Core/Catalog/ImageSortService.cs	ImageSortService.lambda in OrderByName	OK	-	Lambda builds one NameKey per item (key computed once by OrderBy, so O(n) key allocations rather than O(n log n)).
F01459	src/PhotoReview.Core/Catalog/ImageSortService.cs	ImageSortService.private static IOrderedEnumerable<T> ThenByName<T>(IOrderedEnumerable<T> ordered, Func<T, string?> nameOf, INaturalComparer comparer)	OK	-	Same key-caching logic for ThenBy after a size order; ties keep stable order.
F01460	src/PhotoReview.Core/Catalog/ImageSortService.cs	ImageSortService.lambda in ThenByName	OK	-	Lambda building the NameKey for the secondary sort.
F01461	src/PhotoReview.Core/Catalog/ImageSortService.cs	ImageSortService.NameKey.public static NameKey Of(string? name)	OK	-	Null name yields a null key; otherwise BuildNaturalKey. Safe for names with no digits (key is the lowered name).
F01462	src/PhotoReview.Core/Catalog/ImageSortService.cs	ImageSortService.NameKeyComparer.public int Compare(NameKey x, NameKey y)	OK	-	Reference-equal names are equal, null sorts first, otherwise key compare OrdinalIgnoreCase (keys already lowered) then name OrdinalIgnoreCase then Ordinal: consistent total order matching ManagedNaturalComparer.Compare. Test: ManagedNaturalComparerEquivalenceTests, NaturalSortPropertyTests.
F01463	src/PhotoReview.Core/Catalog/ImageSortService.cs	ImageSortService.public static List<string> Sort( IEnumerable<string> files, ImageSortMode mode, INaturalComparer? naturalComparer = null, ILog? log = null)	OK	-	String-path sort used only by tests (no production caller found, production uses SortEntries). Size modes stat every file (FileInfo.Length) once per key, errors give -1; fine for the oracle role. Tests: ImageSortServiceTests.
F01464	src/PhotoReview.Core/Catalog/ImageSortService.cs	ImageSortService.NameOf(string path)	OK	-	Static local Path.GetFileName(path); same semantics as the entry variant.
F01465	src/PhotoReview.Core/Catalog/ImageSortService.cs	ImageSortService.lambda in Sort	OK	-	OrderByDescending key GetFileSize(path, log): evaluated once per element by OrderBy.
F01466	src/PhotoReview.Core/Catalog/ImageSortService.cs	ImageSortService.lambda in Sort	OK	-	OrderBy key GetFileSize(path, log); missing files sort as -1 and log an error per missing file (noise only).
F01467	src/PhotoReview.Core/Catalog/ImageSortService.cs	ImageSortService.public static List<string> Sort( IEnumerable<string> files, string? mode, INaturalComparer? naturalComparer = null, ILog? log = null)	OK	-	Maps legacy strings case-insensitively (SIZE and SIZEDESCENDING to SizeDescending, unknown or null to Name); no throw on null. No production caller found; kept for old settings text. Test: ImageSortServiceTests.
F01468	src/PhotoReview.Core/Catalog/ImageSortService.cs	ImageSortService.private static long GetFileSize(string path, ILog? log)	OK	-	FileInfo.Length throws FileNotFoundException for a missing file, caught by catch-all and mapped to -1 with a log line; also swallows OperationCanceled/UnauthorizedAccess which is acceptable for a sort key. Only used by the string Sort overload.
F01469	src/PhotoReview.Core/Catalog/LatestExplorerSnapshot.cs	LatestExplorerSnapshot.public void Set(Task<ExplorerViewSnapshot>? task)	OK	-	Volatile reference write of the latest load task (null clears); only the UI-thread folder load calls it. Test: FolderLoadCoordinatorTests.LatestExplorer (LoadAsync_ExplorerSort_PublishesSnapshotToLatestExplorerSnapshot, LoadAsync_AppDecidedSort_ClearsLatestExplorerSnapshot); no Core-level test.
F01470	src/PhotoReview.Core/Catalog/LatestExplorerSnapshot.cs	LatestExplorerSnapshot.Current.get	OK	-	Reads the volatile field once into a pattern variable (no tearing between check and use) and only returns Result for a successfully completed task, so Result cannot block or throw; faulted/cancelled/running give null. Covered by the App test above.
F01471	src/PhotoReview.Core/Catalog/ManagedNaturalComparer.cs	ManagedNaturalComparer.public int Compare(string? x, string? y)	OK	-	Null ordering first; keys built into stackalloc (<=256 chars) or ArrayPool buffers returned in finally; natural key compare then OrdinalIgnoreCase then Ordinal gives a deterministic total order (a01 vs a1 equal keys fall to ordinal). Non-ASCII digits are treated as digits (char.IsDigit) but only ASCII 0 is trimmed: consistent in KeyLength/WriteKey so no buffer mismatch. Production uses Windows StrCmpLogicalW in App DI while catalog sort uses this one; equivalence between the two is not asserted here. Tests: ManagedNaturalComparerTests, ManagedNaturalComparerEquivalenceTests, NaturalSortPropertyTests.
F01472	src/PhotoReview.Core/Catalog/ManagedNaturalComparer.cs	ManagedNaturalComparer.public static string BuildNaturalKey(string name)	OK	-	Empty/null name returns empty; string.Create with exact KeyLength so no overflow or trailing garbage. Tests: ManagedNaturalComparerEquivalenceTests (against NaturalKeyReference).
F01473	src/PhotoReview.Core/Catalog/ManagedNaturalComparer.cs	ManagedNaturalComparer.lambda in BuildNaturalKey	OK	-	Static lambda delegating to WriteKey (static, no capture).
F01474	src/PhotoReview.Core/Catalog/ManagedNaturalComparer.cs	ManagedNaturalComparer.private static int KeyLength(string name)	OK	-	Counts one char per non-digit and 10+significant digits+1 per digit run, mirroring WriteKey exactly (all-zero run has no significant digits: length 11); int cannot overflow for filename-length input.
F01475	src/PhotoReview.Core/Catalog/ManagedNaturalComparer.cs	ManagedNaturalComparer.private static int SignificantDigits(string name, int start, int end)	OK	-	Skips leading ASCII 0 only; consistent with WriteKey's trimming loop, so an all-zero run yields 0 digits and prefix 0000000000.
F01476	src/PhotoReview.Core/Catalog/ManagedNaturalComparer.cs	ManagedNaturalComparer.private static void WriteKey(string name, Span<char> destination)	OK	-	Writes lower-invariant non-digits, 10-wide zero-padded digit count then digits then NUL terminator per run; the count prefix makes a2 sort before a10; NUL terminator keeps a1 before a1b. Destination size is exactly KeyLength so no index overflow; rented arrays are only read in [0,length). Tests: ManagedNaturalComparerEquivalenceTests, NaturalSortPropertyTests.
F01477	src/PhotoReview.Core/Catalog/ReviewCatalog.cs	ReviewCatalog.public void BindToCurrentThread()	OK	-	Volatile.Write of Environment.CurrentManagedThreadId; rebinding from another thread silently moves ownership (intended for the composition root). In Release the owner id is only recorded. Test: Bound_MutatedOnOwnerThread_DoesNotThrow, Bound_MutatedFromOtherThread_ThrowsOnlyInDebug.
F01478	src/PhotoReview.Core/Catalog/ReviewCatalog.cs	ReviewCatalog.[Conditional("DEBUG")] internal void AssertOwnerThread([System.Runtime.CompilerServices.CallerMemberName] string member = "")	OK	-	Conditional(DEBUG) so Release elides every call; owner 0 means unbound (tests) and is unchecked; mismatching thread throws InvalidOperationException naming the member. Mutators Reset/UpdateMetadata/SetCurrent/Remove/Restore/RestoreMembers/ReplaceOrder/RemovePaths all call it; the lazy-mutating reads (IndexOf/Find/Paths) deliberately do not (see W2-CC-08). Tests: ReviewCatalogThreadGuardTests (4).
F01479	src/PhotoReview.Core/Catalog/ReviewCatalog.cs	ReviewCatalog.Count.get	OK	-	_entries.Count; cheap, valid on empty catalog. Test: EmptyCatalog_PropertiesAndBoundaries.
F01480	src/PhotoReview.Core/Catalog/ReviewCatalog.cs	ReviewCatalog.Current.get	OK	-	Bounds-checked: CurrentIndex outside [0,Count) yields null instead of throwing, so a stale index after concurrent mutation cannot crash the getter; empty catalog gives null. Test: EmptyCatalog_PropertiesAndBoundaries.
F01481	src/PhotoReview.Core/Catalog/ReviewCatalog.cs	ReviewCatalog.Paths.get	OK	-	Cached string[] rebuilt after structural change (Remove clears _pathsCache, Restore/Reset/ReplaceOrder/RemovePaths via InvalidateIndex); UpdateMetadata does not change paths so the cache stays valid. Cached array is exposed as IReadOnlyList so a caller can only mutate it via an explicit cast. Test: Paths_TakenBeforeAChange_IsNotMutatedByIt; a randomised differential run (3 pair modes x 300 rounds x 60 ops incl. groups) found Paths always equal to the entries.
F01482	src/PhotoReview.Core/Catalog/ReviewCatalog.cs	ReviewCatalog.lambda in Paths	OK	-	Lambda e => e.Path projecting to the cached array; entries are never null (Reset filters).
F01483	src/PhotoReview.Core/Catalog/ReviewCatalog.cs	ReviewCatalog.public string PathAt(int index)	OK	-	Direct _entries[index].Path; out-of-range index throws ArgumentOutOfRangeException (callers check against Count; MainViewModel.CurrentHasComparePair guards CurrentIndex). No allocation. Covered via many App tests; no direct Core test of the throwing path.
F01484	src/PhotoReview.Core/Catalog/ReviewCatalog.cs	ReviewCatalog.public int IndexOf(string path)	OK	-	Blank returns -1; lazy EnsureIndex then dictionary lookup; with pending deferred removals the stored position is corrected by BinarySearch over the sorted removed list (removed paths give -1, others stored minus count of removed below). Group members resolve to their entry; first occurrence wins for case-variant duplicates. Verified by a scratch differential run (no violations) and by Index_StaysCorrect_AgainstListModel, Remove_PastThreshold_StillCorrect.
F01485	src/PhotoReview.Core/Catalog/ReviewCatalog.cs	ReviewCatalog.private void EnsureIndex()	NEEDS-EVIDENCE	P3	Rebuild is correct (first occurrence wins, group members added unless same as entry path, duplicate flag set when TryAdd fails). It mutates _indexByPath/_removedPositions from a method reachable by IndexOf/Find without AssertOwnerThread; test Bound_ReadFromOtherThread_DoesNotThrow documents that reads are allowed off-thread (comment says preload snapshot) so a concurrent rebuild plus UI mutation would corrupt the Dictionary. I found no production off-thread caller (PreloadScheduler invokes the snapshot delegate synchronously on the UI thread per ADR 0005) so this is unproven. See W2-CC-08.
F01486	src/PhotoReview.Core/Catalog/ReviewCatalog.cs	ReviewCatalog.private void InvalidateIndex()	OK	-	Marks the index dirty, drops the paths cache and bumps StructuralVersion; every structural mutator except the deferred Remove path calls it. UpdateMetadata intentionally does not (see UpdateMetadata finding W2-CC-04).
F01487	src/PhotoReview.Core/Catalog/ReviewCatalog.cs	ReviewCatalog.public void Reset(IEnumerable<CatalogEntry> entries, RawPairMode rawPairMode, IEnumerable<string>? sidecarPaths = null)	OK	-	Checked: filters null/blank entries, materialises before Clear so an enumeration that reads the catalog or throws leaves the old state intact (tests Reset_PathsEnumerationThrows_KeepsPreviousState, Reset_EntriesEnumerationThrows_KeepsPreviousState), undefined mode throws in GroupEntries before any mutation, CurrentIndex reset to 0 or -1, mode remembered for later restores (Reset_*OverloadForgetsThePreviousPairMode). Duplicate case-variant paths are kept (index first-wins).
F01488	src/PhotoReview.Core/Catalog/ReviewCatalog.cs	ReviewCatalog.lambda in Reset	OK	-	Lambda e is not null and Path not blank; keeps Reset total for sloppy callers. Test: Reset_SkipsNullAndBlank.
F01489	src/PhotoReview.Core/Catalog/ReviewCatalog.cs	ReviewCatalog.public CatalogEntry? Find(string path)	OK	-	Delegates to IndexOf then indexes _entries; returns null when absent or blank. Finds a grouped entry by any image member (needed by FileActionController.group lookups).
F01490	src/PhotoReview.Core/Catalog/ReviewCatalog.cs	ReviewCatalog.public bool UpdateMetadata(string path, long length, DateTime lastWriteUtc, int? width = null, int? height = null)	NEEDS-EVIDENCE	P3	Correct on its own: returns false for unknown path and for a non-representative member of a capture (stat belongs to one file; tests UpdateMetadata_PathOfANonRepresentativeMember_IsANoOp, UpdateMetadata_PathOfTheRepresentative_StampsTheGroupEntry); owner thread asserted; WithMetadata keeps dims when unchanged. Concern: it replaces the entry (new Length/LastWriteUtc) without bumping StructuralVersion although EntriesSnapshot (preload) copies those stats, so a running preload keeps the stale stat for the entry until the next structural change (traced only, impact limited to preload cache-key mismatch/wasted decode). See W2-CC-04.
F01491	src/PhotoReview.Core/Catalog/ReviewCatalog.cs	ReviewCatalog.public bool SetCurrent(int index)	OK	-	Accepts -1 only for an empty catalog and [0,Count) otherwise; rejects out-of-range and -1 on a non-empty catalog by returning false without change (callers like FolderLoadCoordinator SetCurrent(0) on empty get false). Owner thread asserted. Test: EmptyCatalog_PropertiesAndBoundaries.
F01492	src/PhotoReview.Core/Catalog/ReviewCatalog.cs	ReviewCatalog.public int Remove(string path)	OK	-	Checked both branches: deferred path records the stored position in sorted _removedPositions (binary search insertion) and skips an O(n) rebuild, but only when no duplicate keys exist and fewer than 64 pending removals; otherwise full invalidate. Next-current: removing before current shifts index down, after keeps it, removing current picks min(removedIndex, Count-1), empty gives -1; unknown path returns CurrentIndex unchanged. Removing by a non-representative member removes the whole capture entry (by design). StructuralVersion and Paths cache updated in both branches. Differential run over random Remove/Restore/RestoreMembers/RemovePaths/ReplaceOrder with groups found no index or CurrentIndex violation. Tests: Remove_Burst_DoesNotRebuildIndexPerRemoval, Remove_PastThreshold_StillCorrect, Remove_AfterTheMaximumNumberOfIncrementalRemovals_ForcesAnIndexRebuild, Remove_EntryWhoseMemberPathIsAlsoAnotherEntry_KeepsFindingTheSurvivorByThatPath, Remove_EntryBeforeCurrent_KeepsSameCurrentPath, RandomOperations_MatchReferenceModel.
F01493	src/PhotoReview.Core/Catalog/ReviewCatalog.cs	ReviewCatalog.public bool Restore(string path, int index)	OK	-	Blank and already-listed paths (including group members via IndexOf) rejected; index clamped to [0,Count]; CurrentIndex follows the displayed image (increments when inserted at or before it, set when catalog was empty). Inserted entry is a bare CatalogEntry (no stat/group) which is intended for plain restores; capture restores go through RestoreMembers. Tests: Restore_ClampsIndexAndPreventsDuplicates, Restore_BlankPath_Rejected.
F01494	src/PhotoReview.Core/Catalog/ReviewCatalog.cs	ReviewCatalog.public bool RestoreMembers(IEnumerable<string> paths, int index, CaptureGroup? group = null, bool rawEnabled = true)	OK	-	Checked the combinations: RAW off drops the explicit group; sidecars never become entries; xmp supplies sidecar only when a group is derived; explicit group used only when every image member is among the restored paths, otherwise members come back as independent entries; TryReformGroup folds a late partner into the standalone entry; Separate mode restores plain entries; insert index clamped and CurrentIndex preserved (or set when empty). The default rawEnabled=true is a trap for new callers but all three production callers pass the setting. Tests: RestoreMembers_* in ReviewCatalogTests and ReviewCatalogMutationGapTests (13 cases) and the scratch differential run.
F01495	src/PhotoReview.Core/Catalog/ReviewCatalog.cs	ReviewCatalog.lambda in RestoreMembers	OK	-	Where non-blank path filter before Distinct OrdinalIgnoreCase; materialised by ToArray so later InvalidateIndex cannot affect it.
F01496	src/PhotoReview.Core/Catalog/ReviewCatalog.cs	ReviewCatalog.lambda in RestoreMembers	OK	-	Removes the reformed group's image members from the remaining list (group non-null because reformed implies it); OrdinalIgnoreCase.
F01497	src/PhotoReview.Core/Catalog/ReviewCatalog.cs	ReviewCatalog.lambda in RestoreMembers	OK	-	Where IsRestorableImage filters xmp/unsupported extensions and RAW when RAW disabled; test RestoreMembers_SidecarInPaths_NeverBecomesAnEntryButTravelsInTheGroup.
F01498	src/PhotoReview.Core/Catalog/ReviewCatalog.cs	ReviewCatalog.lambda in RestoreMembers	OK	-	Where IndexOf(path) less than 0 drops paths already listed (including as group members) so a retried undo cannot duplicate entries; evaluated under the single ToArray before any mutation (index stays clean). Test: RestoreMembers_PathAlreadyListedAtIndexZero_IsNotAddedAgain.
F01499	src/PhotoReview.Core/Catalog/ReviewCatalog.cs	ReviewCatalog.lambda in RestoreMembers	OK	-	Where excluding the explicit group's members from the derive-pairs input once the group is accepted; lazily evaluated inside Build before groups.AddRange so groups.Count is stable during enumeration.
F01500	src/PhotoReview.Core/Catalog/ReviewCatalog.cs	ReviewCatalog.lambda in RestoreMembers	OK	-	Selects only .xmp paths of the restored set for the derived groups' sidecar lookup (explicit group keeps its own XmpPath). Test: RestoreMembers_ExplicitGroup_IsPreservedIncludingItsSidecar.
F01501	src/PhotoReview.Core/Catalog/ReviewCatalog.cs	ReviewCatalog.private bool TryReformGroup(IReadOnlyCollection<string> restoredPaths, CaptureGroup? group)	OK	-	Reform conditions verified: group non-null and pairing mode on, every present member is a standalone (ungrouped) entry, every absent member is in the restored set and restorable, otherwise false with nothing changed; slot is the first standalone, displayed (current) member keeps its path, second standalone entry removed with CurrentIndex adjusted; InvalidateIndex called. Edge: when the current member is not the mode representative the entry path then differs from GetRepresentativePath (intentional, documented). Tests: RestoreMembers_SecondMemberComesBackAfterFirstWasRestoredAlone_ReformsTheGroupedEntryInPlace, RestoreMembers_ReformWhenBothMembersWereStandaloneAndSecondIsCurrent_KeepsTheDisplayedMemberAndIndex, RestoreMembers_PartnerStillMissing_KeepsTheIndependentEntryUngrouped.
F01502	src/PhotoReview.Core/Catalog/ReviewCatalog.cs	ReviewCatalog.private static bool IsRestorableImage(string path, bool rawEnabled)	OK	-	Extension must be in SupportedExtensions or (RAW enabled and in RawExtensions); empty extension false; .xmp false. Pure function, covered through RestoreMembers tests (RestoreMembers_RawSupportOff_RestoresOnlyTheJpegAsAPlainEntry).
F01503	src/PhotoReview.Core/Catalog/ReviewCatalog.cs	ReviewCatalog.public bool ReplaceOrder(IReadOnlyList<string> newOrder)	OK	-	Checked: null throws, permutation verified (count, every path present exactly once case-insensitively, null element rejected) before any mutation so a false return leaves the catalog untouched; member-level Explorer order collapsed to entries in pair modes, representative lists accepted as is; current entry kept by path via re-lookup; case-variant duplicate catalogs return false instead of throwing in ToDictionary because seen.Add rejects the second variant first. Tests: ReplaceOrder_RejectsDuplicatesEvenWhenCountAndMembersMatch, ReplaceOrder_NotAPermutation_ReturnsFalseAndKeepsOrder, ReplaceOrder_CatalogWithCaseVariantDuplicates_DoesNotThrow, ReplaceOrder_KeepsCurrentByPath, ReplaceOrder_ValidMemberOrder_ReordersTheGroupedEntries. Does not need the exact string form of the entries but does need the same normalisation as the catalog (see W2-CC-01).
F01504	src/PhotoReview.Core/Catalog/ReviewCatalog.cs	ReviewCatalog.lambda in ReplaceOrder	OK	-	Lambda e => e.Path building the case-insensitive current set.
F01505	src/PhotoReview.Core/Catalog/ReviewCatalog.cs	ReviewCatalog.lambda in ReplaceOrder	OK	-	Lambda e => e.Path for ToDictionary; unreachable duplicate-key exception because the permutation check already returned false for case-variant duplicates.
F01506	src/PhotoReview.Core/Catalog/ReviewCatalog.cs	ReviewCatalog.private bool TryCollapseMemberOrder(IReadOnlyList<string> memberOrder, out IReadOnlyList<string> collapsedOrder)	OK	-	Collapses a member-level order to entry order by first appearance of any member; rejects count mismatch, unknown/null/repeated members and incomplete coverage so the caller falls back to the plain permutation check. TryAdd keeps first when a member path belongs to two entries (then result.Count differs and it returns false). Tests: ReplaceOrder_MemberOrderNamingAnUnknownPath_IsRejectedWithoutThrowing, ReplaceOrder_MemberOrderRepeatingAMember_IsRejected.
F01507	src/PhotoReview.Core/Catalog/ReviewCatalog.cs	ReviewCatalog.public IReadOnlyList<string> RemovePaths(IEnumerable<string> paths)	OK	-	Checked: blank paths ignored, empty doomed or empty catalog returns empty; all image members unreadable removes the capture and reports both, one member unreadable degrades the entry in place to the surviving member (metadata kept when the representative survives), current position kept when the current entry survives or degrades and advances to the next survivor else last when removed, -1 when empty; no mutation when nothing removed. Tests: RemovePaths_AllOrNone, RemovePaths_NonCurrent_KeepsCurrentByPath, RemovePaths_Current_AdvancesLikeDelete, RemovePaths_UnreadableRepresentativeOfCapture_DegradesToTheReadablePartner, RemovePaths_UnreadableNonRepresentativeMember_KeepsRepresentativeAndDropsTheGroup, RemovePaths_CurrentCaptureDegrades_StaysCurrentAtTheSamePosition, RemovePaths_BothImageMembersOfCapture_RemovesTheEntryAndReportsBoth. Degrading drops the XMP sidecar association with the survivor (sidecar then no longer moves with it), acceptable for an unreadable-file cleanup.
F01508	src/PhotoReview.Core/Catalog/ReviewCatalog.cs	ReviewCatalog.lambda in RemovePaths	OK	-	Lambda p => not blank filtering the doomed set.
F01509	src/PhotoReview.Core/Catalog/ReviewCatalog.cs	ReviewCatalog.lambda in RemovePaths	OK	-	Where not representative: adds the other member of an all-unreadable capture to the removed report, case-insensitive.
F01510	src/PhotoReview.Core/Catalog/ReviewCatalog.cs	ReviewCatalog.lambda in RemovePaths	OK	-	Predicate p => not doomed for First(): reached only when 0 less than bad.Length less than ImagePaths.Count, so at least one survivor exists and First cannot throw InvalidOperationException; a pair has exactly one survivor.
F01511	src/PhotoReview.Core/Catalog/ReviewCatalog.cs	ReviewCatalog.public CatalogEntry[] EntriesSnapshot()	NEEDS-EVIDENCE	P3	List.ToArray copy; safe to read off-thread afterwards but the call itself is unsynchronised and must run on the owner thread (only caller PreloadScheduler runs it synchronously on the UI thread). Returned entries are immutable records. Test: Bound_ReadFromOtherThread_DoesNotThrow documents the unchecked read; see W2-CC-08.
F01512	src/PhotoReview.Core/Catalog/SiblingFolderService.cs	SiblingFolderService.public static IReadOnlyList<string> GetSorted(string currentFolder, ILog? log = null)	ISSUE	P3	Uses Directory.EnumerateDirectories(parent) which, with its default (compatible) options, includes Hidden and System directories (reproduced: a hidden .hid sibling is returned), so sibling navigation can land in tool folders such as a hidden thumbnails folder; parent null (root) returns empty; UnauthorizedAccess/IOException logged and mapped to empty (test SiblingFolders_ParentCannotBeListed_ReturnsEmptyAndLogsTheError); GetFullPath throws for null/blank input (callers validate). Natural order by folder name via the managed comparer. See W2-CC-02.
F01994	src/PhotoReview.Core/Model/ExifInfoFields.cs	ExifInfoFieldsJsonConverter.public override ExifInfoFields Read(ref Utf8JsonReader reader, Type typeToConvert, JsonSerializerOptions options)	ISSUE	P3	Number is masked to All (unknown bits dropped), string parsed with Enum.TryParse ignoreCase and masked, other tokens skipped and replaced by Default, null handled (verified: null gives Default, "0" gives None). Leniency defects (reproduced in a scratch run): -1 yields All (every bit set rather than an error), and one unknown name in a list ("FileName, Foo") resets the whole value to Default instead of keeping the valid names, silently with no repair record unlike SettingsEnumConverter. Tests: Settings/ExifInfoSettingsTests, LenientEnumRobustnessTests. See W2-CC-03.
F01995	src/PhotoReview.Core/Model/ExifInfoFields.cs	ExifInfoFieldsJsonConverter.public override void Write(Utf8JsonWriter writer, ExifInfoFields value, JsonSerializerOptions options)	ISSUE	P3	Writes (value and All).ToString(), which for an exact match emits the composite alias names All or Default (verified: Default serialises as the string Default, All as All) instead of explicit flag names, so the persisted meaning follows future changes of those constants (ModifiedDate was already added after release). Round trip itself is correct. Null writer throws. See W2-CC-03.
F01996	src/PhotoReview.Core/Model/ImageSortMode.cs	SortModePolicy.public static bool UsesExplorerOrder(ImageSortMode mode)	OK	-	mode is not (Default or NameAscending or NameDescending): Name, SizeDescending, SizeAscending and any undefined numeric value use the Explorer order; consistent with the enum docs. Test: ImageSortServiceTests (SortModePolicy cases).
F01997	src/PhotoReview.Core/Model/LenientEnumConverter.cs	LenientEnumConverter.public LenientEnumConverter() : this(default)	OK	-	Chains to the one-arg ctor with default(T) (the enum zero member), which is what [JsonConverter(typeof(LenientEnumConverter<T>))] attribute instantiation needs. Test: LenientEnumConverterTests.
F01998	src/PhotoReview.Core/Model/LenientEnumConverter.cs	LenientEnumConverter.public LenientEnumConverter(T defaultValue)	OK	-	Stores the fallback; no validation needed (any T). Used by SettingsEnumConverter with an undefined sentinel. Test: LenientEnumConverterTests.
F01999	src/PhotoReview.Core/Model/LenientEnumConverter.cs	LenientEnumConverter.public override T Read(ref Utf8JsonReader reader, Type typeToConvert, JsonSerializerOptions options)	OK	-	String goes through ParseText (case-insensitive, aliases, numeric text), Number only when it fits int and is defined (a flags combination or float falls back to the default), Null and structural tokens return the default after Skip so the reader ends on the value's last token and the surrounding document keeps parsing. Enum.IsDefined(typeof(T), int) is valid because every enum using it has an int underlying type (checked: no byte/long enums in Model). Tests: LenientEnumConverterTests (17), LenientEnumRobustnessTests, LenientEnumNumericStringTests.
F02000	src/PhotoReview.Core/Model/LenientEnumConverter.cs	LenientEnumConverter.public override void Write(Utf8JsonWriter writer, T value, JsonSerializerOptions options)	OK	-	Writes ToText(value) as a string (undefined numeric values come out as their number text); null writer throws. Test: LenientEnumConverterTests (write/round trip cases).
F02001	src/PhotoReview.Core/Model/LenientEnumConverter.cs	LenientEnumConverter.public override T ReadAsPropertyName(ref Utf8JsonReader reader, Type typeToConvert, JsonSerializerOptions options)	OK	-	Needed for Dictionary<DecoderBackend,long> keys; unknown keys map to the default value so two unknown keys collapse into one dictionary slot (metrics only, no user data). Null reader string is handled by ParseText. Test: LenientEnumRobustnessTests/LenientEnumConverterTests dictionary-key cases.
F02002	src/PhotoReview.Core/Model/LenientEnumConverter.cs	LenientEnumConverter.public override void WriteAsPropertyName(Utf8JsonWriter writer, T value, JsonSerializerOptions options)	OK	-	Writes the property name with ToText so the key text matches Write (InitialViewMode would become 100% etc.); null writer throws.
F02003	src/PhotoReview.Core/Model/LenientEnumConverter.cs	LenientEnumConverter.private T ParseText(string? text)	OK	-	Blank gives default; trimmed text looked up in the case-insensitive table (names plus aliases), then an invariant-culture int parse that must be defined; anything else gives default. Culture-safe (InvariantCulture). Tests: LenientEnumNumericStringTests, LenientEnumConverterTests.
F02004	src/PhotoReview.Core/Model/LenientEnumConverter.cs	LenientEnumConverter.private static string ToText(T value)	OK	-	InitialViewMode maps to the legacy Fit/100%/200%/400% spellings (only those four; FitWidth etc. fall to ToString which equals the alias-less name plus the JsonAlias reads back); every other enum writes its name; undefined values write their number which Read accepts only if defined (SettingsEnumConverter sentinel is normalised before save).
F02005	src/PhotoReview.Core/Model/LenientEnumConverter.cs	LenientEnumConverter.private static Dictionary<string, T> BuildLookupTable()	OK	-	Reflects public static fields once per closed generic type (static initialiser, thread-safe), registers the field name and each non-blank trimmed JsonAlias OrdinalIgnoreCase; an alias that equals another member name overwrites it (no such collision exists today). Test: LenientEnumConverterTests alias cases (PortraitFirst, Size, 100%).
F02006	src/PhotoReview.Core/Model/SettingsEnumConverter.cs	SettingsEnumConverter.public override T Read(ref Utf8JsonReader reader, Type typeToConvert, JsonSerializerOptions options)	OK	-	Delegates to the inner lenient converter whose default is the undefined sentinel (int.MinValue, valid because all settings enums are int based), so unparsable input surfaces as an undefined value that SettingsNormalizer repairs and reports. No direct unit test of the converter; behaviour covered by SettingsStoreTests/SettingsStoreFailureTests (RV-S01 cases) and App AppSettingsTests.
F02007	src/PhotoReview.Core/Model/SettingsEnumConverter.cs	SettingsEnumConverter.public override void Write(Utf8JsonWriter writer, T value, JsonSerializerOptions options)	OK	-	Delegates to the inner converter's Write; a sentinel (only possible before normalisation) would be written as its number text, but SettingsStore normalises before saving. Covered by SettingsStoreTests round trips.
F02008	src/PhotoReview.Core/Model/TitleBarFields.cs	TitleBarFieldsJsonConverter.public override TitleBarFields Read(ref Utf8JsonReader reader, Type typeToConvert, JsonSerializerOptions options)	ISSUE	P3	Same lenient parsing as ExifInfoFields: number masked against All (-1 gives All), strings via Enum.TryParse so a single misspelled name resets the whole title to Default silently, other tokens skipped to Default. See W2-CC-03. Test: Settings/TitleBarFieldsSettingsTests.
F02009	src/PhotoReview.Core/Model/TitleBarFields.cs	TitleBarFieldsJsonConverter.public override void Write(Utf8JsonWriter writer, TitleBarFields value, JsonSerializerOptions options)	ISSUE	P3	(value and All).ToString() emits composite alias names (All) or, because Default and FolderName share the value 1, one of two alias names chosen by the runtime (observed FolderName today) so the persisted text is not guaranteed stable across runtimes; both parse back to the same value. See W2-CC-03.
