"BaselineId"	"CurrentInventoryId"	"Path"	"CurrentLine"	"CurrentEndLine"	"Kind"	"Function"	"Status"	"Finding"	"Rationale"
"F00420"	"F00420"	"src/PhotoReview.App/Input/KineticPan.cs"	"315"	"352"	"MethodDeclaration"	"GlideFrameClock.public double Advance(double renderingTimeMs, long nowTicks, DisplayTiming? timing)"	"STATIC-ONLY"	""	"Static changed-function/test review in App/Imaging lane; no actionable finding; runtime not validated."
"F01068"	"F01068"	"src/PhotoReview.App/ViewModels/MainViewModel.cs"	"366"	"418"	"MethodDeclaration"	"MainViewModel.private async Task<long?> OpenFolderCoreAsync(string folder, string? initialPath, long? requiredEpoch)"	"STATIC-ONLY"	""	"Static changed-function/test review in App/Imaging lane; no actionable finding; runtime not validated."
"F01675"	"F01675"	"src/PhotoReview.Core/FileActions/ActionDestinationPolicy.cs"	"63"	"92"	"MethodDeclaration"	"ActionDestinationPolicy.public static ActionDestinationCheck ValidateNoEscapeViaReparsePoint( string sourceFolder, string destinationFolderOrPath, IFileSystem fileSystem)"	"STATIC-ONLY"	""	"Static changed-function/test review in Core lane; no additional finding; no tests run."
"F01812"	"F01812"	"src/PhotoReview.Core/FileActions/OperationJournal.cs"	"614"	"639"	"MethodDeclaration"	"OperationJournal.private bool IsGroupMemberCompleted(JournalEntry group, JournalGroupMember member)"	"STATIC-ONLY"	""	"Static changed-function/test review in Core lane; no additional finding; no tests run."
"F01856"	"F01856"	"src/PhotoReview.Core/FileActions/RecoveryRetryService.cs"	"196"	"270"	"MethodDeclaration"	"RecoveryRetryService.private RecoveryRetryResult ExecuteGroupRetry(JournalEntry failed, JournalEntry prepared, IReadOnlyList<RecoveryGroupMemberCheck> pending, CancellationToken ct)"	"STATIC-ONLY"	""	"Static changed-function/test review in Core lane; no additional finding; no tests run."
""	"F01858"	"src/PhotoReview.Core/FileActions/RecoveryRetryService.cs"	"298"	"299"	"MethodDeclaration"	"RecoveryRetryService.private bool IsRestoredFile(JournalGroupMember member)"	"STATIC-ONLY"	""	"Static changed-function review by Core/Windows lane; no additional finding."
"F01859"	"F01860"	"src/PhotoReview.Core/FileActions/RecoveryRetryService.cs"	"308"	"354"	"MethodDeclaration"	"RecoveryRetryService.private RecoveryRetryResult ExecuteRetry(JournalEntry failed, JournalEntry prepared)"	"STATIC-ONLY"	""	"Static changed-function/test review in Core lane; no additional finding; no tests run."
"F01876"	"F01877"	"src/PhotoReview.Core/FileActions/UndoService.cs"	"153"	"286"	"MethodDeclaration"	"UndoService.public async Task<UndoResult> UndoMoveAsync()"	"STATIC-ONLY"	""	"Static changed-function/test review in Core lane; no additional finding; no tests run."
"F01879"	"F01880"	"src/PhotoReview.Core/FileActions/UndoService.cs"	"291"	"352"	"MethodDeclaration"	"UndoService.public async Task<UndoResult> UndoLastAsync()"	"STATIC-ONLY"	""	"Static changed-function/test review in Core lane; no additional finding; no tests run."
"F01881"	"F01882"	"src/PhotoReview.Core/FileActions/UndoService.cs"	"354"	"453"	"MethodDeclaration"	"UndoService.private async Task<UndoResult> UndoGroupMoveAsync(UndoActionRecord action, IReadOnlyList<JournalGroupMember> members)"	"STATIC-ONLY"	""	"Static changed-function/test review in Core lane; no additional finding; no tests run."
""	"F01886"	"src/PhotoReview.Core/FileActions/UndoService.cs"	"415"	"419"	"LocalFunctionStatement"	"UndoService.RequireJournaledIdentity(JournalGroupMember member)"	"STATIC-ONLY"	""	"Static changed-function review by Core/Windows lane; no additional finding."
"F01895"	"F01897"	"src/PhotoReview.Core/FileActions/UndoService.cs"	"551"	"645"	"MethodDeclaration"	"UndoService.private async Task<UndoResult> UndoGroupRecycleAsync(UndoActionRecord action, IReadOnlyList<JournalGroupMember> members)"	"STATIC-ONLY"	""	"Static changed-function/test review in Core lane; no additional finding; no tests run."
"F02029"	"F02031"	"src/PhotoReview.Core/Localization/LocTemplate.cs"	"110"	"137"	"MethodDeclaration"	"LocTemplate.public string Render(ReadOnlySpan<LocArg> args)"	"STATIC-ONLY"	""	"Static changed-function/test review in Core lane; no additional finding; no tests run."
""	"F02033"	"src/PhotoReview.Core/Localization/LocTemplate.cs"	"149"	"161"	"MethodDeclaration"	"LocTemplate.private static bool TryFormatValue(object? value, out string text)"	"STATIC-ONLY"	""	"Static changed-function review by Core/Windows lane; no additional finding."
"F02106"	"F02109"	"src/PhotoReview.Core/Settings/SettingsStore.cs"	"82"	"179"	"MethodDeclaration"	"SettingsStore.public AppSettings Load(string? path = null)"	"STATIC-ONLY"	""	"Static changed-function/test review in Core lane; no additional finding; no tests run."
"F02107"	"F02110"	"src/PhotoReview.Core/Settings/SettingsStore.cs"	"182"	"194"	"MethodDeclaration"	"SettingsStore.private bool TryPersistRepairs(AppSettings repaired)"	"STATIC-ONLY"	""	"Static changed-function/test review in Core lane; no additional finding; no tests run."
"F02108"	"F02111"	"src/PhotoReview.Core/Settings/SettingsStore.cs"	"196"	"201"	"MethodDeclaration"	"SettingsStore.public void Save(AppSettings settings)"	"STATIC-ONLY"	""	"Static changed-function/test review in Core lane; no additional finding; no tests run."
""	"F02112"	"src/PhotoReview.Core/Settings/SettingsStore.cs"	"205"	"226"	"MethodDeclaration"	"SettingsStore.private void Persist(AppSettings settings)"	"STATIC-ONLY"	""	"Static changed-function review by Core/Windows lane; no additional finding."
"F02670"	"F02674"	"src/PhotoReview.Imaging/Decoding/MemoryHeadroom.cs"	"24"	"28"	"MethodDeclaration"	"MemoryHeadroom.public static bool OutputHasHeadroom(long bufferLength, long totalAvailableBytes, long memoryLoadBytes)"	"STATIC-ONLY"	""	"Static changed-function/test review in App/Imaging lane; no actionable finding; runtime not validated."
"F02682"	"F02686"	"src/PhotoReview.Imaging/Decoding/Wic/WicDirectDecoder.cs"	"120"	"291"	"MethodDeclaration"	"WicDirectDecoder.private static WpfDecodedImage DecodeFromStream(Stream stream, DecodeRequest request, Func<(long TotalAvailable, long Load)> memoryInfo)"	"STATIC-ONLY"	""	"Static changed-function/test review in App/Imaging lane; no actionable finding; runtime not validated."
""	"F02688"	"src/PhotoReview.Imaging/Decoding/Wic/WicDirectDecoder.cs"	"295"	"299"	"MethodDeclaration"	"WicDirectDecoder.internal static long OutputByteLength(int width, int height)"	"STATIC-ONLY"	""	"Static changed-function review by App/Imaging lane; no decoder/runtime validation."
"F02684"	"F02689"	"src/PhotoReview.Imaging/Decoding/Wic/WicDirectDecoder.cs"	"302"	"311"	"MethodDeclaration"	"WicDirectDecoder.internal static void EnsureOutputFits(int width, int height, long bufferLength, Func<(long TotalAvailable, long Load)> memoryInfo)"	"STATIC-ONLY"	""	"Static changed-function/test review in App/Imaging lane; no actionable finding; runtime not validated."
"F02732"	"F02737"	"src/PhotoReview.Imaging/Decoding/WpfBitmapImageDecoder.cs"	"137"	"245"	"MethodDeclaration"	"WpfBitmapImageDecoder.private static BitmapSource DecodeStream(Stream stream, DecodeRequest request, bool ignoreColorProfile, Func<(long TotalAvailable, long Load)> memoryInfo, out int orientation, out bool downscaled, out int originalWidth, out int originalHeight, out ExifSummary? exif)"	"STATIC-ONLY"	""	"Static changed-function/test review in App/Imaging lane; no actionable finding; runtime not validated."
""	"F02738"	"src/PhotoReview.Imaging/Decoding/WpfBitmapImageDecoder.cs"	"248"	"249"	"MethodDeclaration"	"WpfBitmapImageDecoder.internal static void EnsureDecodeAdmitted(int outW, int outH, Func<(long TotalAvailable, long Load)> memoryInfo)"	"STATIC-ONLY"	""	"Static changed-function review by App/Imaging lane; no decoder/runtime validation."
"F03206"	"F03212"	"src/PhotoReview.Platform.Windows/WindowsRecycleBin.cs"	"35"	"48"	"ConstructorDeclaration"	"WindowsRecycleBin.internal WindowsRecycleBin(ILog? log, IRecycleBinSettingsSource settings, Action<string>? shellRecycle = null, Func<string, long, DateTime, bool>? shellRestore = null, Func<string, DriveType?>? driveTypeOf = null, Func<string, string?>? mountPointOf = null, Action<string>? fileDelete = null, Func<string, long>? fileLength = null)"	"STATIC-ONLY"	""	"Static changed-function/test review in Windows lane; see R44; no runtime or native validation."
""	"F03214"	"src/PhotoReview.Platform.Windows/WindowsRecycleBin.cs"	"46"	"46"	"SimpleLambdaExpression"	"WindowsRecycleBin.lambda in initializer"	"STATIC-ONLY"	""	"Static changed-function review by Windows lane; see R44."
"F03208"	"F03215"	"src/PhotoReview.Platform.Windows/WindowsRecycleBin.cs"	"50"	"81"	"MethodDeclaration"	"WindowsRecycleBin.public void SendToRecycleBin(string path)"	"STATIC-ONLY"	""	"Static changed-function/test review in Windows lane; see R44; no runtime or native validation."
"F03209"	"F03216"	"src/PhotoReview.Platform.Windows/WindowsRecycleBin.cs"	"83"	"87"	"MethodDeclaration"	"WindowsRecycleBin.public bool CanRecycle(string path)"	"STATIC-ONLY"	""	"Static changed-function/test review in Windows lane; see R44; no runtime or native validation."
"F03211"	"F03218"	"src/PhotoReview.Platform.Windows/WindowsRecycleBin.cs"	"104"	"112"	"MethodDeclaration"	"WindowsRecycleBin.public void DeletePermanently(string path)"	"STATIC-ONLY"	""	"Static changed-function/test review in Windows lane; see R44; no runtime or native validation."
"F03213"	"F03220"	"src/PhotoReview.Platform.Windows/WindowsRecycleBin.cs"	"130"	"216"	"MethodDeclaration"	"WindowsRecycleBin.private bool RestoreViaShell(string originalPath, long expectedSize, DateTime expectedLastWriteUtc)"	"STATIC-ONLY"	""	"Static changed-function/test review in Windows lane; see R44; no runtime or native validation."
"F03216"	"F03223"	"src/PhotoReview.Platform.Windows/WindowsRecycleBin.cs"	"218"	"226"	"MethodDeclaration"	"WindowsRecycleBin.private static bool WaitForRestore(string path, long expectedSize, DateTime expectedLastWriteUtc)"	"STATIC-ONLY"	""	"Static changed-function review by Windows lane; see R44."
"F03217"	"F03224"	"src/PhotoReview.Platform.Windows/WindowsRecycleBin.cs"	"229"	"238"	"MethodDeclaration"	"WindowsRecycleBin.internal static bool IsExpectedFile(string path, long expectedSize, DateTime expectedLastWriteUtc)"	"STATIC-ONLY"	""	"Static changed-function/test review in Windows lane; see R44; no runtime or native validation."
""	"F03228"	"src/PhotoReview.Platform.Windows/WindowsRecycleBin.cs"	"301"	"325"	"MethodDeclaration"	"RecycleEligibility.internal static bool IsPermanentDeleteAllowed(string path, Func<string, DriveType?> driveTypeOf, Func<string, string?>? mountPointOf = null)"	"ISSUE"	"R44 P1"	"R44: broad UNC prefix treats extended volume-GUID paths as confirmed no-bin volumes; fixed-volume deletion bypasses the Recycle Bin. Static-only."
"F03854"	"F03862"	"tests/PhotoReview.App.Tests/Coordinators/FileActionControllerLateCompletionTests.cs"	"415"	"423"	"MethodDeclaration"	"FileActionControllerLateCompletionTests.FakeBin.public void SendToRecycleBin(string path)"	"STATIC-ONLY"	""	"Static changed-function/test review in App/Imaging lane; no actionable finding; runtime not validated."
"F03856"	"F03864"	"tests/PhotoReview.App.Tests/Coordinators/FileActionControllerLateCompletionTests.cs"	"434"	"442"	"MethodDeclaration"	"FileActionControllerLateCompletionTests.FakeBin.public bool TryRestore(string originalPath, long expectedSize, DateTime expectedLastWriteUtc)"	"STATIC-ONLY"	""	"Static changed-function/test review in App/Imaging lane; no actionable finding; runtime not validated."
""	"F05025"	"tests/PhotoReview.App.Tests/Input/GlideFrameClockTests.cs"	"90"	"105"	"MethodDeclaration"	"GlideFrameClockTests.[Fact] public void Predict_TimingLostThenRecoveredAtTheSamePeriod_DoesNotCountTheLostIntervalTwice()"	"STATIC-ONLY"	""	"Static changed-test review by App/Imaging lane; no tests run."
"F06248"	"F06257"	"tests/PhotoReview.App.Tests/ViewModels/MainViewModelFileActionTests.cs"	"862"	"872"	"MethodDeclaration"	"MainViewModelFileActionTests.FakeRecycleBin.public void SendToRecycleBin(string path)"	"STATIC-ONLY"	""	"Static changed-function/test review in App/Imaging lane; no actionable finding; runtime not validated."
"F06250"	"F06259"	"tests/PhotoReview.App.Tests/ViewModels/MainViewModelFileActionTests.cs"	"884"	"893"	"MethodDeclaration"	"MainViewModelFileActionTests.FakeRecycleBin.public bool TryRestore(string path, long expectedSize, DateTime expectedLastWriteUtc)"	"STATIC-ONLY"	""	"Static changed-function/test review in App/Imaging lane; no actionable finding; runtime not validated."
""	"F06450"	"tests/PhotoReview.App.Tests/ViewModels/MainViewModelNavigationTests.cs"	"779"	"803"	"MethodDeclaration"	"MainViewModelNavigationTests.[Fact] public async Task OpenFolderAsync_OlderOpenResumesAfterNewerOneLoaded_DoesNotReplaceIt()"	"STATIC-ONLY"	""	"Static changed-test review by App/Imaging lane; no tests run."
""	"F06451"	"tests/PhotoReview.App.Tests/ViewModels/MainViewModelNavigationTests.cs"	"810"	"815"	"MethodDeclaration"	"MainViewModelNavigationTests.PerFolderGatedOwnership.public TaskCompletionSource<PhotoReview.Core.Instance.FolderOpenDecision> Gate(string folder)"	"STATIC-ONLY"	""	"Static changed-test review by App/Imaging lane; no tests run."
""	"F06452"	"tests/PhotoReview.App.Tests/ViewModels/MainViewModelNavigationTests.cs"	"817"	"817"	"MethodDeclaration"	"MainViewModelNavigationTests.PerFolderGatedOwnership.public Task<PhotoReview.Core.Instance.FolderOpenDecision> BeforeOpenAsync(string folder, string? initialPath, CancellationToken cancellationToken = default)"	"STATIC-ONLY"	""	"Static changed-test review by App/Imaging lane; no tests run."
""	"F06453"	"tests/PhotoReview.App.Tests/ViewModels/MainViewModelNavigationTests.cs"	"819"	"819"	"MethodDeclaration"	"MainViewModelNavigationTests.PerFolderGatedOwnership.public void OnFolderShown(string folder)"	"STATIC-ONLY"	""	"Static changed-test review by App/Imaging lane; no tests run."
""	"F06454"	"tests/PhotoReview.App.Tests/ViewModels/MainViewModelNavigationTests.cs"	"821"	"821"	"MethodDeclaration"	"MainViewModelNavigationTests.PerFolderGatedOwnership.public void AfterOpen(string folder, string? shownFolder)"	"STATIC-ONLY"	""	"Static changed-test review by App/Imaging lane; no tests run."
"F07625"	"F07639"	"tests/PhotoReview.Core.Tests/Fakes/InMemoryFileSystem.cs"	"490"	"517"	"MethodDeclaration"	"InMemoryFileSystem.public string ResolveRealPath(string path)"	"STATIC-ONLY"	""	"Static changed-function/test review in Core lane; no additional finding; no tests run."
"F08647"	"F08661"	"tests/PhotoReview.Core.Tests/FileActions/PermanentDeleteTests.cs"	"64"	"70"	"MethodDeclaration"	"PermanentDeleteTests.FakeBin.public bool TryRestore(string originalPath, long expectedSize, DateTime expectedLastWriteUtc)"	"STATIC-ONLY"	""	"Static changed-function/test review in Core lane; no additional finding; no tests run."
""	"F08718"	"tests/PhotoReview.Core.Tests/FileActions/RecoveryIdentityTests.cs"	"27"	"31"	"ConstructorDeclaration"	"RecoveryIdentityTests.public RecoveryIdentityTests()"	"STATIC-ONLY"	""	"Static changed-test review by Core/Windows lane; no tests run."
""	"F08719"	"tests/PhotoReview.Core.Tests/FileActions/RecoveryIdentityTests.cs"	"33"	"33"	"MethodDeclaration"	"RecoveryIdentityTests.private UndoService NewUndo()"	"STATIC-ONLY"	""	"Static changed-test review by Core/Windows lane; no tests run."
""	"F08720"	"tests/PhotoReview.Core.Tests/FileActions/RecoveryIdentityTests.cs"	"35"	"35"	"MethodDeclaration"	"RecoveryIdentityTests.private RecoveryRetryService NewRetry()"	"STATIC-ONLY"	""	"Static changed-test review by Core/Windows lane; no tests run."
""	"F08721"	"tests/PhotoReview.Core.Tests/FileActions/RecoveryIdentityTests.cs"	"38"	"50"	"MethodDeclaration"	"RecoveryIdentityTests.private void PlantAtNextJournalAppend(Action plant)"	"STATIC-ONLY"	""	"Static changed-test review by Core/Windows lane; no tests run."
""	"F08722"	"tests/PhotoReview.Core.Tests/FileActions/RecoveryIdentityTests.cs"	"41"	"49"	"SimpleLambdaExpression"	"RecoveryIdentityTests.lambda in PlantAtNextJournalAppend"	"STATIC-ONLY"	""	"Static changed-test review by Core/Windows lane; no tests run."
""	"F08723"	"tests/PhotoReview.Core.Tests/FileActions/RecoveryIdentityTests.cs"	"52"	"54"	"MethodDeclaration"	"RecoveryIdentityTests.private static JournalEntry UndoRecycleGroup(JournalState state, params JournalGroupMember[] members)"	"STATIC-ONLY"	""	"Static changed-test review by Core/Windows lane; no tests run."
""	"F08724"	"tests/PhotoReview.Core.Tests/FileActions/RecoveryIdentityTests.cs"	"58"	"73"	"MethodDeclaration"	"RecoveryIdentityTests.[Theory] [InlineData(11, false)] // a different file (size) sits at the original path [InlineData(10, true)] // same size, other write time public void Reconcile_GroupRecycleUndoWithForeignFileAtOneMember_StaysFailedWhileAnotherMemberIsStillInTheBin(int foreignSize, bool otherStamp)"	"STATIC-ONLY"	""	"Static changed-test review by Core/Windows lane; no tests run."
""	"F08725"	"tests/PhotoReview.Core.Tests/FileActions/RecoveryIdentityTests.cs"	"75"	"85"	"MethodDeclaration"	"RecoveryIdentityTests.[Fact] public void Reconcile_GroupRecycleUndoWithEveryMemberBackWithItsIdentity_Commits()"	"STATIC-ONLY"	""	"Static changed-test review by Core/Windows lane; no tests run."
""	"F08726"	"tests/PhotoReview.Core.Tests/FileActions/RecoveryIdentityTests.cs"	"89"	"101"	"MethodDeclaration"	"RecoveryIdentityTests.[Fact] public async Task RetryGroupRecycleUndo_ForeignFileAppearsAtPendingMemberAfterThePreCheck_FailsInsteadOfCommitting()"	"STATIC-ONLY"	""	"Static changed-test review by Core/Windows lane; no tests run."
""	"F08727"	"tests/PhotoReview.Core.Tests/FileActions/RecoveryIdentityTests.cs"	"94"	"94"	"ParenthesizedLambdaExpression"	"RecoveryIdentityTests.lambda in RetryGroupRecycleUndo_ForeignFileAppearsAtPendingMemberAfterThePreCheck_FailsInsteadOfCommitting"	"STATIC-ONLY"	""	"Static changed-test review by Core/Windows lane; no tests run."
""	"F08728"	"tests/PhotoReview.Core.Tests/FileActions/RecoveryIdentityTests.cs"	"103"	"114"	"MethodDeclaration"	"RecoveryIdentityTests.[Fact] public async Task RetryGroupRecycleUndo_BinReportsRestoreButAForeignFileSitsAtTheMember_Fails()"	"STATIC-ONLY"	""	"Static changed-test review by Core/Windows lane; no tests run."
""	"F08729"	"tests/PhotoReview.Core.Tests/FileActions/RecoveryIdentityTests.cs"	"108"	"108"	"ParenthesizedLambdaExpression"	"RecoveryIdentityTests.lambda in RetryGroupRecycleUndo_BinReportsRestoreButAForeignFileSitsAtTheMember_Fails"	"STATIC-ONLY"	""	"Static changed-test review by Core/Windows lane; no tests run."
""	"F08730"	"tests/PhotoReview.Core.Tests/FileActions/RecoveryIdentityTests.cs"	"118"	"135"	"MethodDeclaration"	"RecoveryIdentityTests.[Theory] [InlineData(FileOperationType.Move)] [InlineData(FileOperationType.Copy)] public async Task RetryMoveOrCopy_SourceReplacedAfterThePreCheck_IsRefusedAndNothingIsMutated(FileOperationType type)"	"STATIC-ONLY"	""	"Static changed-test review by Core/Windows lane; no tests run."
""	"F08731"	"tests/PhotoReview.Core.Tests/FileActions/RecoveryIdentityTests.cs"	"127"	"127"	"ParenthesizedLambdaExpression"	"RecoveryIdentityTests.lambda in RetryMoveOrCopy_SourceReplacedAfterThePreCheck_IsRefusedAndNothingIsMutated"	"STATIC-ONLY"	""	"Static changed-test review by Core/Windows lane; no tests run."
""	"F08732"	"tests/PhotoReview.Core.Tests/FileActions/RecoveryIdentityTests.cs"	"134"	"134"	"SimpleLambdaExpression"	"RecoveryIdentityTests.lambda in RetryMoveOrCopy_SourceReplacedAfterThePreCheck_IsRefusedAndNothingIsMutated"	"STATIC-ONLY"	""	"Static changed-test review by Core/Windows lane; no tests run."
""	"F08733"	"tests/PhotoReview.Core.Tests/FileActions/RecoveryIdentityTests.cs"	"139"	"153"	"MethodDeclaration"	"RecoveryIdentityTests.[Fact] public async Task UndoMove_DestinationReplacedAfterThePreflight_IsRefusedAndTheReplacementIsNotRestored()"	"STATIC-ONLY"	""	"Static changed-test review by Core/Windows lane; no tests run."
""	"F08734"	"tests/PhotoReview.Core.Tests/FileActions/RecoveryIdentityTests.cs"	"145"	"145"	"ParenthesizedLambdaExpression"	"RecoveryIdentityTests.lambda in UndoMove_DestinationReplacedAfterThePreflight_IsRefusedAndTheReplacementIsNotRestored"	"STATIC-ONLY"	""	"Static changed-test review by Core/Windows lane; no tests run."
""	"F08735"	"tests/PhotoReview.Core.Tests/FileActions/RecoveryIdentityTests.cs"	"152"	"152"	"SimpleLambdaExpression"	"RecoveryIdentityTests.lambda in UndoMove_DestinationReplacedAfterThePreflight_IsRefusedAndTheReplacementIsNotRestored"	"STATIC-ONLY"	""	"Static changed-test review by Core/Windows lane; no tests run."
""	"F08736"	"tests/PhotoReview.Core.Tests/FileActions/RecoveryIdentityTests.cs"	"155"	"174"	"MethodDeclaration"	"RecoveryIdentityTests.[Fact] public async Task UndoGroupMove_MemberReplacedAfterThePreflight_NoReplacementIsRestoredOrCommitted()"	"STATIC-ONLY"	""	"Static changed-test review by Core/Windows lane; no tests run."
""	"F08737"	"tests/PhotoReview.Core.Tests/FileActions/RecoveryIdentityTests.cs"	"165"	"165"	"SimpleLambdaExpression"	"RecoveryIdentityTests.lambda in UndoGroupMove_MemberReplacedAfterThePreflight_NoReplacementIsRestoredOrCommitted"	"STATIC-ONLY"	""	"Static changed-test review by Core/Windows lane; no tests run."
""	"F08738"	"tests/PhotoReview.Core.Tests/FileActions/RecoveryIdentityTests.cs"	"166"	"166"	"ParenthesizedLambdaExpression"	"RecoveryIdentityTests.lambda in UndoGroupMove_MemberReplacedAfterThePreflight_NoReplacementIsRestoredOrCommitted"	"STATIC-ONLY"	""	"Static changed-test review by Core/Windows lane; no tests run."
""	"F08739"	"tests/PhotoReview.Core.Tests/FileActions/RecoveryIdentityTests.cs"	"173"	"173"	"SimpleLambdaExpression"	"RecoveryIdentityTests.lambda in UndoGroupMove_MemberReplacedAfterThePreflight_NoReplacementIsRestoredOrCommitted"	"STATIC-ONLY"	""	"Static changed-test review by Core/Windows lane; no tests run."
""	"F08740"	"tests/PhotoReview.Core.Tests/FileActions/RecoveryIdentityTests.cs"	"176"	"189"	"MethodDeclaration"	"RecoveryIdentityTests.[Theory] [InlineData(false)] // nothing at the original path although the bin claimed success [InlineData(true)] // a file with the right write time but the wrong size public async Task UndoRecycle_BinReportsRestoreWithoutTheRecycledFileAtThePath_IsAFailure(bool plantWrongSize)"	"STATIC-ONLY"	""	"Static changed-test review by Core/Windows lane; no tests run."
""	"F08741"	"tests/PhotoReview.Core.Tests/FileActions/RecoveryIdentityTests.cs"	"183"	"183"	"ParenthesizedLambdaExpression"	"RecoveryIdentityTests.lambda in UndoRecycle_BinReportsRestoreWithoutTheRecycledFileAtThePath_IsAFailure"	"STATIC-ONLY"	""	"Static changed-test review by Core/Windows lane; no tests run."
""	"F08742"	"tests/PhotoReview.Core.Tests/FileActions/RecoveryIdentityTests.cs"	"183"	"183"	"ParenthesizedLambdaExpression"	"RecoveryIdentityTests.lambda in UndoRecycle_BinReportsRestoreWithoutTheRecycledFileAtThePath_IsAFailure"	"STATIC-ONLY"	""	"Static changed-test review by Core/Windows lane; no tests run."
""	"F08743"	"tests/PhotoReview.Core.Tests/FileActions/RecoveryIdentityTests.cs"	"191"	"206"	"MethodDeclaration"	"RecoveryIdentityTests.[Fact] public async Task UndoGroupRecycle_BinReportsRestoreButAWrongSizeFileSitsAtTheMember_IsAFailureWithNothingReportedRestored()"	"STATIC-ONLY"	""	"Static changed-test review by Core/Windows lane; no tests run."
""	"F08744"	"tests/PhotoReview.Core.Tests/FileActions/RecoveryIdentityTests.cs"	"199"	"199"	"SimpleLambdaExpression"	"RecoveryIdentityTests.lambda in UndoGroupRecycle_BinReportsRestoreButAWrongSizeFileSitsAtTheMember_IsAFailureWithNothingReportedRestored"	"STATIC-ONLY"	""	"Static changed-test review by Core/Windows lane; no tests run."
""	"F08745"	"tests/PhotoReview.Core.Tests/FileActions/RecoveryIdentityTests.cs"	"200"	"200"	"ParenthesizedLambdaExpression"	"RecoveryIdentityTests.lambda in UndoGroupRecycle_BinReportsRestoreButAWrongSizeFileSitsAtTheMember_IsAFailureWithNothingReportedRestored"	"STATIC-ONLY"	""	"Static changed-test review by Core/Windows lane; no tests run."
""	"F08746"	"tests/PhotoReview.Core.Tests/FileActions/RecoveryIdentityTests.cs"	"210"	"210"	"PropertyDeclaration"	"RecoveryIdentityTests.FixedClock.UtcNow.get"	"STATIC-ONLY"	""	"Static changed-test review by Core/Windows lane; no tests run."
""	"F08747"	"tests/PhotoReview.Core.Tests/FileActions/RecoveryIdentityTests.cs"	"218"	"218"	"MethodDeclaration"	"RecoveryIdentityTests.PlantingBin.public void SendToRecycleBin(string path)"	"STATIC-ONLY"	""	"Static changed-test review by Core/Windows lane; no tests run."
""	"F08748"	"tests/PhotoReview.Core.Tests/FileActions/RecoveryIdentityTests.cs"	"220"	"229"	"MethodDeclaration"	"RecoveryIdentityTests.PlantingBin.public bool TryRestore(string originalPath, long expectedSize, DateTime expectedLastWriteUtc)"	"STATIC-ONLY"	""	"Static changed-test review by Core/Windows lane; no tests run."
"F09027"	"F09072"	"tests/PhotoReview.Core.Tests/FileActions/UndoServiceTests.cs"	"39"	"46"	"MethodDeclaration"	"UndoServiceTests.FakeRecycleBin.public bool TryRestore(string originalPath, long expectedSize, DateTime expectedLastWriteUtc)"	"STATIC-ONLY"	""	"Static changed-function/test review in Core lane; no additional finding; no tests run."
"F09028"	"F09073"	"tests/PhotoReview.Core.Tests/FileActions/UndoServiceTests.cs"	"56"	"62"	"ConstructorDeclaration"	"UndoServiceTests.public UndoServiceTests()"	"STATIC-ONLY"	""	"Static changed-function/test review in Core lane; no additional finding; no tests run."
""	"F09465"	"tests/PhotoReview.Core.Tests/Localization/LocalizationFuzzTests.cs"	"99"	"108"	"MethodDeclaration"	"LocalizationFuzzTests.[Fact(DisplayName = ""R21: Render never throws when an argument's ToString or IFormattable.ToString throws; the placeholder is written back"")] public void Render_ThrowingFormatter_WritesThePlaceholderBack()"	"STATIC-ONLY"	""	"Static changed-test review by Core/Windows lane; no tests run."
""	"F09466"	"tests/PhotoReview.Core.Tests/Localization/LocalizationFuzzTests.cs"	"112"	"112"	"MethodDeclaration"	"LocalizationFuzzTests.ThrowingToString.public override string ToString()"	"STATIC-ONLY"	""	"Static changed-test review by Core/Windows lane; no tests run."
""	"F09467"	"tests/PhotoReview.Core.Tests/Localization/LocalizationFuzzTests.cs"	"117"	"117"	"MethodDeclaration"	"LocalizationFuzzTests.ThrowingFormattable.public string ToString(string? format, IFormatProvider? formatProvider)"	"STATIC-ONLY"	""	"Static changed-test review by Core/Windows lane; no tests run."
""	"F10226"	"tests/PhotoReview.Core.Tests/Settings/SettingsStoreLoadRepairPersistenceTests.cs"	"53"	"65"	"MethodDeclaration"	"SettingsStoreLoadRepairPersistenceTests.[Fact(DisplayName = ""R23: a Changed handler that throws IOException after a repaired config was written is called once, not misread as a failed write"")] public void Load_RepairedConfig_ThrowingChangedHandlerIsInvokedOnce()"	"STATIC-ONLY"	""	"Static changed-test review by Core/Windows lane; no tests run."
""	"F10227"	"tests/PhotoReview.Core.Tests/Settings/SettingsStoreLoadRepairPersistenceTests.cs"	"59"	"59"	"ParenthesizedLambdaExpression"	"SettingsStoreLoadRepairPersistenceTests.lambda in Load_RepairedConfig_ThrowingChangedHandlerIsInvokedOnce"	"STATIC-ONLY"	""	"Static changed-test review by Core/Windows lane; no tests run."
""	"F10228"	"tests/PhotoReview.Core.Tests/Settings/SettingsStoreLoadRepairPersistenceTests.cs"	"61"	"61"	"ParenthesizedLambdaExpression"	"SettingsStoreLoadRepairPersistenceTests.lambda in Load_RepairedConfig_ThrowingChangedHandlerIsInvokedOnce"	"STATIC-ONLY"	""	"Static changed-test review by Core/Windows lane; no tests run."
""	"F10229"	"tests/PhotoReview.Core.Tests/Settings/SettingsStoreLoadRepairPersistenceTests.cs"	"67"	"78"	"MethodDeclaration"	"SettingsStoreLoadRepairPersistenceTests.[Fact(DisplayName = ""R23: a Changed handler that throws IOException after the first-run default config was written is called once"")] public void Load_FirstRun_ThrowingChangedHandlerIsInvokedOnce()"	"STATIC-ONLY"	""	"Static changed-test review by Core/Windows lane; no tests run."
""	"F10230"	"tests/PhotoReview.Core.Tests/Settings/SettingsStoreLoadRepairPersistenceTests.cs"	"72"	"72"	"ParenthesizedLambdaExpression"	"SettingsStoreLoadRepairPersistenceTests.lambda in Load_FirstRun_ThrowingChangedHandlerIsInvokedOnce"	"STATIC-ONLY"	""	"Static changed-test review by Core/Windows lane; no tests run."
""	"F10231"	"tests/PhotoReview.Core.Tests/Settings/SettingsStoreLoadRepairPersistenceTests.cs"	"74"	"74"	"ParenthesizedLambdaExpression"	"SettingsStoreLoadRepairPersistenceTests.lambda in Load_FirstRun_ThrowingChangedHandlerIsInvokedOnce"	"STATIC-ONLY"	""	"Static changed-test review by Core/Windows lane; no tests run."
""	"F11867"	"tests/PhotoReview.Imaging.Tests/Decoding/WicDirectInternalsMutationTests.cs"	"64"	"72"	"MethodDeclaration"	"WicDirectInternalsMutationTests.[Fact(DisplayName = ""R16: a byte count that wrapped negative is never mistaken for a small buffer"")] public void EnsureOutputFits_NegativeWrappedLength_IsRefused()"	"STATIC-ONLY"	""	"Static changed-test review by App/Imaging lane; no tests run."
""	"F11868"	"tests/PhotoReview.Imaging.Tests/Decoding/WicDirectInternalsMutationTests.cs"	"70"	"71"	"ParenthesizedLambdaExpression"	"WicDirectInternalsMutationTests.lambda in EnsureOutputFits_NegativeWrappedLength_IsRefused"	"STATIC-ONLY"	""	"Static changed-test review by App/Imaging lane; no tests run."
""	"F11869"	"tests/PhotoReview.Imaging.Tests/Decoding/WicDirectInternalsMutationTests.cs"	"71"	"71"	"ParenthesizedLambdaExpression"	"WicDirectInternalsMutationTests.lambda in EnsureOutputFits_NegativeWrappedLength_IsRefused"	"STATIC-ONLY"	""	"Static changed-test review by App/Imaging lane; no tests run."
""	"F11870"	"tests/PhotoReview.Imaging.Tests/Decoding/WicDirectInternalsMutationTests.cs"	"74"	"79"	"MethodDeclaration"	"WicDirectInternalsMutationTests.[Theory(DisplayName = ""R16: the output byte count saturates instead of wrapping"")] [InlineData(1, 1, 4L)] [InlineData(6000, 6000, 144_000_000L)] [InlineData(int.MaxValue, int.MaxValue, long.MaxValue)] public void OutputByteLength_SaturatesInsteadOfWrapping(int width, int height, long expected)"	"STATIC-ONLY"	""	"Static changed-test review by App/Imaging lane; no tests run."
""	"F11871"	"tests/PhotoReview.Imaging.Tests/Decoding/WicDirectInternalsMutationTests.cs"	"81"	"83"	"MethodDeclaration"	"WicDirectInternalsMutationTests.[Fact(DisplayName = ""R16: a huge buffer whose doubled peak would overflow a long is refused"")] public void OutputHasHeadroom_BufferWhosePeakOverflows_IsRefused()"	"STATIC-ONLY"	""	"Static changed-test review by App/Imaging lane; no tests run."
""	"F11993"	"tests/PhotoReview.Imaging.Tests/Decoding/WpfDecoderAdmissionTests.cs"	"60"	"65"	"MethodDeclaration"	"WpfDecoderAdmissionTests.[Fact(DisplayName = ""R16: sides whose 4-byte pixel count wraps a long are refused by admission, not treated as a small buffer"")] public void EnsureDecodeAdmitted_HostileSidesWhoseByteCountWrapsALong_AreRefused()"	"STATIC-ONLY"	""	"Static changed-test review by App/Imaging lane; no tests run."
""	"F11994"	"tests/PhotoReview.Imaging.Tests/Decoding/WpfDecoderAdmissionTests.cs"	"64"	"64"	"ParenthesizedLambdaExpression"	"WpfDecoderAdmissionTests.lambda in EnsureDecodeAdmitted_HostileSidesWhoseByteCountWrapsALong_AreRefused"	"STATIC-ONLY"	""	"Static changed-test review by App/Imaging lane; no tests run."
""	"F11995"	"tests/PhotoReview.Imaging.Tests/Decoding/WpfDecoderAdmissionTests.cs"	"64"	"64"	"ParenthesizedLambdaExpression"	"WpfDecoderAdmissionTests.lambda in EnsureDecodeAdmitted_HostileSidesWhoseByteCountWrapsALong_AreRefused"	"STATIC-ONLY"	""	"Static changed-test review by App/Imaging lane; no tests run."
""	"F16058"	"tests/PhotoReview.Integration.Tests/RecycleBinDeleteGuardTests.cs"	"21"	"21"	"MethodDeclaration"	"RecycleBinDeleteGuardTests.Settings.public RecycleBinPolicy ReadPolicy()"	"STATIC-ONLY"	""	"Static changed-test review by Windows lane; fakes only, no integration tests run."
""	"F16059"	"tests/PhotoReview.Integration.Tests/RecycleBinDeleteGuardTests.cs"	"22"	"22"	"MethodDeclaration"	"RecycleBinDeleteGuardTests.Settings.public string? GetVolumeGuid(string path)"	"STATIC-ONLY"	""	"Static changed-test review by Windows lane; fakes only, no integration tests run."
""	"F16060"	"tests/PhotoReview.Integration.Tests/RecycleBinDeleteGuardTests.cs"	"23"	"23"	"MethodDeclaration"	"RecycleBinDeleteGuardTests.Settings.public DriveType? GetVolumeDriveType(string path)"	"STATIC-ONLY"	""	"Static changed-test review by Windows lane; fakes only, no integration tests run."
""	"F16061"	"tests/PhotoReview.Integration.Tests/RecycleBinDeleteGuardTests.cs"	"24"	"24"	"MethodDeclaration"	"RecycleBinDeleteGuardTests.Settings.public RecycleBinVolumeSettings ReadVolume(string volumeGuid)"	"STATIC-ONLY"	""	"Static changed-test review by Windows lane; fakes only, no integration tests run."
""	"F16062"	"tests/PhotoReview.Integration.Tests/RecycleBinDeleteGuardTests.cs"	"25"	"25"	"MethodDeclaration"	"RecycleBinDeleteGuardTests.Settings.public long? GetUserQuotaBytes(string path)"	"STATIC-ONLY"	""	"Static changed-test review by Windows lane; fakes only, no integration tests run."
""	"F16063"	"tests/PhotoReview.Integration.Tests/RecycleBinDeleteGuardTests.cs"	"28"	"29"	"MethodDeclaration"	"RecycleBinDeleteGuardTests.private static WindowsRecycleBin PermanentBin(DriveType? type, List<string> deleted, string? mount = @""E:\"")"	"STATIC-ONLY"	""	"Static changed-test review by Windows lane; fakes only, no integration tests run."
""	"F16064"	"tests/PhotoReview.Integration.Tests/RecycleBinDeleteGuardTests.cs"	"29"	"29"	"SimpleLambdaExpression"	"RecycleBinDeleteGuardTests.lambda in PermanentBin"	"STATIC-ONLY"	""	"Static changed-test review by Windows lane; fakes only, no integration tests run."
""	"F16065"	"tests/PhotoReview.Integration.Tests/RecycleBinDeleteGuardTests.cs"	"29"	"29"	"SimpleLambdaExpression"	"RecycleBinDeleteGuardTests.lambda in PermanentBin"	"STATIC-ONLY"	""	"Static changed-test review by Windows lane; fakes only, no integration tests run."
""	"F16066"	"tests/PhotoReview.Integration.Tests/RecycleBinDeleteGuardTests.cs"	"31"	"44"	"MethodDeclaration"	"RecycleBinDeleteGuardTests.[Theory(DisplayName = ""R11: DeletePermanently deletes only on a positively identified no-bin volume type"")] [InlineData(DriveType.Removable)] [InlineData(DriveType.Network)] [InlineData(DriveType.CDRom)] [InlineData(DriveType.Ram)] public void DeletePermanently_KnownNoBinDrive_Deletes(DriveType type)"	"STATIC-ONLY"	""	"Static changed-test review by Windows lane; fakes only, no integration tests run."
""	"F16067"	"tests/PhotoReview.Integration.Tests/RecycleBinDeleteGuardTests.cs"	"46"	"58"	"MethodDeclaration"	"RecycleBinDeleteGuardTests.[Theory(DisplayName = ""R11: DeletePermanently refuses a fixed, unknown, no-root or unqueryable drive and never deletes"")] [InlineData(DriveType.Fixed)] [InlineData(DriveType.Unknown)] [InlineData(DriveType.NoRootDirectory)] [InlineData(null)] public void DeletePermanently_FixedOrUnknownDrive_RefusesWithoutDeleting(DriveType? type)"	"STATIC-ONLY"	""	"Static changed-test review by Windows lane; fakes only, no integration tests run."
""	"F16068"	"tests/PhotoReview.Integration.Tests/RecycleBinDeleteGuardTests.cs"	"55"	"55"	"ParenthesizedLambdaExpression"	"RecycleBinDeleteGuardTests.lambda in DeletePermanently_FixedOrUnknownDrive_RefusesWithoutDeleting"	"STATIC-ONLY"	""	"Static changed-test review by Windows lane; fakes only, no integration tests run."
""	"F16069"	"tests/PhotoReview.Integration.Tests/RecycleBinDeleteGuardTests.cs"	"60"	"68"	"MethodDeclaration"	"RecycleBinDeleteGuardTests.[Fact(DisplayName = ""R11: DeletePermanently refuses when the mount point cannot be resolved"")] public void DeletePermanently_UnresolvableMountPoint_RefusesWithoutDeleting()"	"STATIC-ONLY"	""	"Static changed-test review by Windows lane; fakes only, no integration tests run."
""	"F16070"	"tests/PhotoReview.Integration.Tests/RecycleBinDeleteGuardTests.cs"	"65"	"65"	"ParenthesizedLambdaExpression"	"RecycleBinDeleteGuardTests.lambda in DeletePermanently_UnresolvableMountPoint_RefusesWithoutDeleting"	"STATIC-ONLY"	""	"Static changed-test review by Windows lane; fakes only, no integration tests run."
""	"F16071"	"tests/PhotoReview.Integration.Tests/RecycleBinDeleteGuardTests.cs"	"70"	"83"	"MethodDeclaration"	"RecycleBinDeleteGuardTests.[Fact(DisplayName = ""R11: DeletePermanently refuses when the drive query throws, and still deletes on a UNC path"")] public void DeletePermanently_DriveQueryThrows_RefusesAndUncStillAllowed()"	"STATIC-ONLY"	""	"Static changed-test review by Windows lane; fakes only, no integration tests run."
""	"F16072"	"tests/PhotoReview.Integration.Tests/RecycleBinDeleteGuardTests.cs"	"74"	"74"	"SimpleLambdaExpression"	"RecycleBinDeleteGuardTests.lambda in DeletePermanently_DriveQueryThrows_RefusesAndUncStillAllowed"	"STATIC-ONLY"	""	"Static changed-test review by Windows lane; fakes only, no integration tests run."
""	"F16073"	"tests/PhotoReview.Integration.Tests/RecycleBinDeleteGuardTests.cs"	"75"	"75"	"SimpleLambdaExpression"	"RecycleBinDeleteGuardTests.lambda in DeletePermanently_DriveQueryThrows_RefusesAndUncStillAllowed"	"STATIC-ONLY"	""	"Static changed-test review by Windows lane; fakes only, no integration tests run."
""	"F16074"	"tests/PhotoReview.Integration.Tests/RecycleBinDeleteGuardTests.cs"	"77"	"77"	"ParenthesizedLambdaExpression"	"RecycleBinDeleteGuardTests.lambda in DeletePermanently_DriveQueryThrows_RefusesAndUncStillAllowed"	"STATIC-ONLY"	""	"Static changed-test review by Windows lane; fakes only, no integration tests run."
""	"F16075"	"tests/PhotoReview.Integration.Tests/RecycleBinDeleteGuardTests.cs"	"80"	"80"	"SimpleLambdaExpression"	"RecycleBinDeleteGuardTests.lambda in DeletePermanently_DriveQueryThrows_RefusesAndUncStillAllowed"	"STATIC-ONLY"	""	"Static changed-test review by Windows lane; fakes only, no integration tests run."
""	"F16076"	"tests/PhotoReview.Integration.Tests/RecycleBinDeleteGuardTests.cs"	"80"	"80"	"SimpleLambdaExpression"	"RecycleBinDeleteGuardTests.lambda in DeletePermanently_DriveQueryThrows_RefusesAndUncStillAllowed"	"STATIC-ONLY"	""	"Static changed-test review by Windows lane; fakes only, no integration tests run."
""	"F16077"	"tests/PhotoReview.Integration.Tests/RecycleBinDeleteGuardTests.cs"	"85"	"100"	"MethodDeclaration"	"RecycleBinDeleteGuardTests.[Fact(DisplayName = ""R26: SendToRecycleBin re-reads the size and refuses a file that outgrew the bin after the preflight, never calling the shell"")] public void SendToRecycleBin_FileGrewAfterPreflight_RefusedWithoutShell()"	"STATIC-ONLY"	""	"Static changed-test review by Windows lane; fakes only, no integration tests run."
""	"F16078"	"tests/PhotoReview.Integration.Tests/RecycleBinDeleteGuardTests.cs"	"90"	"90"	"SimpleLambdaExpression"	"RecycleBinDeleteGuardTests.lambda in SendToRecycleBin_FileGrewAfterPreflight_RefusedWithoutShell"	"STATIC-ONLY"	""	"Static changed-test review by Windows lane; fakes only, no integration tests run."
""	"F16079"	"tests/PhotoReview.Integration.Tests/RecycleBinDeleteGuardTests.cs"	"90"	"90"	"SimpleLambdaExpression"	"RecycleBinDeleteGuardTests.lambda in SendToRecycleBin_FileGrewAfterPreflight_RefusedWithoutShell"	"STATIC-ONLY"	""	"Static changed-test review by Windows lane; fakes only, no integration tests run."
""	"F16080"	"tests/PhotoReview.Integration.Tests/RecycleBinDeleteGuardTests.cs"	"91"	"91"	"SimpleLambdaExpression"	"RecycleBinDeleteGuardTests.lambda in SendToRecycleBin_FileGrewAfterPreflight_RefusedWithoutShell"	"STATIC-ONLY"	""	"Static changed-test review by Windows lane; fakes only, no integration tests run."
""	"F16081"	"tests/PhotoReview.Integration.Tests/RecycleBinDeleteGuardTests.cs"	"91"	"91"	"SimpleLambdaExpression"	"RecycleBinDeleteGuardTests.lambda in SendToRecycleBin_FileGrewAfterPreflight_RefusedWithoutShell"	"STATIC-ONLY"	""	"Static changed-test review by Windows lane; fakes only, no integration tests run."
""	"F16082"	"tests/PhotoReview.Integration.Tests/RecycleBinDeleteGuardTests.cs"	"96"	"96"	"ParenthesizedLambdaExpression"	"RecycleBinDeleteGuardTests.lambda in SendToRecycleBin_FileGrewAfterPreflight_RefusedWithoutShell"	"STATIC-ONLY"	""	"Static changed-test review by Windows lane; fakes only, no integration tests run."
""	"F16083"	"tests/PhotoReview.Integration.Tests/RecycleBinDeleteGuardTests.cs"	"102"	"112"	"MethodDeclaration"	"RecycleBinDeleteGuardTests.[Fact(DisplayName = ""R26: SendToRecycleBin refuses when the size cannot be read and does not call the shell"")] public void SendToRecycleBin_SizeUnreadable_RefusedWithoutShell()"	"STATIC-ONLY"	""	"Static changed-test review by Windows lane; fakes only, no integration tests run."
""	"F16084"	"tests/PhotoReview.Integration.Tests/RecycleBinDeleteGuardTests.cs"	"106"	"106"	"SimpleLambdaExpression"	"RecycleBinDeleteGuardTests.lambda in SendToRecycleBin_SizeUnreadable_RefusedWithoutShell"	"STATIC-ONLY"	""	"Static changed-test review by Windows lane; fakes only, no integration tests run."
""	"F16085"	"tests/PhotoReview.Integration.Tests/RecycleBinDeleteGuardTests.cs"	"106"	"106"	"SimpleLambdaExpression"	"RecycleBinDeleteGuardTests.lambda in SendToRecycleBin_SizeUnreadable_RefusedWithoutShell"	"STATIC-ONLY"	""	"Static changed-test review by Windows lane; fakes only, no integration tests run."
""	"F16086"	"tests/PhotoReview.Integration.Tests/RecycleBinDeleteGuardTests.cs"	"107"	"107"	"SimpleLambdaExpression"	"RecycleBinDeleteGuardTests.lambda in SendToRecycleBin_SizeUnreadable_RefusedWithoutShell"	"STATIC-ONLY"	""	"Static changed-test review by Windows lane; fakes only, no integration tests run."
""	"F16087"	"tests/PhotoReview.Integration.Tests/RecycleBinDeleteGuardTests.cs"	"107"	"107"	"SimpleLambdaExpression"	"RecycleBinDeleteGuardTests.lambda in SendToRecycleBin_SizeUnreadable_RefusedWithoutShell"	"STATIC-ONLY"	""	"Static changed-test review by Windows lane; fakes only, no integration tests run."
""	"F16088"	"tests/PhotoReview.Integration.Tests/RecycleBinDeleteGuardTests.cs"	"109"	"109"	"ParenthesizedLambdaExpression"	"RecycleBinDeleteGuardTests.lambda in SendToRecycleBin_SizeUnreadable_RefusedWithoutShell"	"STATIC-ONLY"	""	"Static changed-test review by Windows lane; fakes only, no integration tests run."
""	"F16465"	"tests/PhotoReview.Integration.Tests/WindowsRecycleBinRestoreGuardTests.cs"	"42"	"57"	"MethodDeclaration"	"WindowsRecycleBinRestoreGuardTests.[Fact(DisplayName = ""R18: the restore proof compares size AND write time (a same-timestamp file of another size is not the restored photo)"")] public void IsExpectedFile_SameTimestampDifferentSize_IsNotTheRestoredFile()"	"STATIC-ONLY"	""	"Static changed-test review by Windows lane; fakes only, no integration tests run."
