"Path"	"Line"	"EndLine"	"Function"	"Status"	"Rationale"
"tools/Publish-Guard.ps1"	"11"	"18"	"Get-PathSegments"	"STATIC-ONLY"	"Callable Get-PathSegments reviewed against current source HEAD 18aa6eb64ba48666de620937211e0782dd6131c1 and relevant callers; no actionable defect observed in this function body. Static review only; scripts/workflows/tests were not executed."
"tools/Publish-Guard.ps1"	"20"	"35"	"Test-PathUnderRoot"	"STATIC-ONLY"	"Callable Test-PathUnderRoot reviewed against current source HEAD 18aa6eb64ba48666de620937211e0782dd6131c1 and relevant callers; no actionable defect observed in this function body. Static review only; scripts/workflows/tests were not executed."
"tools/Publish-Guard.ps1"	"37"	"62"	"Resolve-FinalTarget"	"STATIC-ONLY"	"Callable Resolve-FinalTarget reviewed against current source HEAD 18aa6eb64ba48666de620937211e0782dd6131c1 and relevant callers; no actionable defect observed in this function body. Static review only; scripts/workflows/tests were not executed."
"tools/Publish-Guard.ps1"	"64"	"92"	"Assert-ReleaseDirectoryOwned"	"STATIC-ONLY"	"Callable Assert-ReleaseDirectoryOwned reviewed against current source HEAD 18aa6eb64ba48666de620937211e0782dd6131c1 and relevant callers; no actionable defect observed in this function body. Static review only; scripts/workflows/tests were not executed."
"tools/Publish-Guard.ps1"	"94"	"98"	"Set-ReleaseDirectoryMarker"	"STATIC-ONLY"	"Callable Set-ReleaseDirectoryMarker reviewed against current source HEAD 18aa6eb64ba48666de620937211e0782dd6131c1 and relevant callers; no actionable defect observed in this function body. Static review only; scripts/workflows/tests were not executed."
"tools/Publish-Guard.ps1"	"100"	"259"	"Invoke-PublishGuardSelfTest"	"STATIC-ONLY"	"Callable Invoke-PublishGuardSelfTest reviewed against current source HEAD 18aa6eb64ba48666de620937211e0782dd6131c1 and relevant callers; no actionable defect observed in this function body. Static review only; scripts/workflows/tests were not executed."
"tools/check-doc-links.ps1"	"35"	"37"	"Test-Excluded"	"STATIC-ONLY"	"Callable Test-Excluded reviewed against current source HEAD 18aa6eb64ba48666de620937211e0782dd6131c1 and relevant callers; no actionable defect observed in this function body. Static review only; scripts/workflows/tests were not executed."
"tools/check-doc-links.ps1"	"40"	"48"	"Get-CleanTarget"	"STATIC-ONLY"	"Callable Get-CleanTarget reviewed against current source HEAD 18aa6eb64ba48666de620937211e0782dd6131c1 and relevant callers; no actionable defect observed in this function body. Static review only; scripts/workflows/tests were not executed."
"tools/check-doc-links.ps1"	"50"	"58"	"Test-Skippable"	"STATIC-ONLY"	"Callable Test-Skippable reviewed against current source HEAD 18aa6eb64ba48666de620937211e0782dd6131c1 and relevant callers; no actionable defect observed in this function body. Static review only; scripts/workflows/tests were not executed."
"tools/check-doc-links.ps1"	"60"	"65"	"Resolve-MdLink"	"STATIC-ONLY"	"Callable Resolve-MdLink reviewed against current source HEAD 18aa6eb64ba48666de620937211e0782dd6131c1 and relevant callers; no actionable defect observed in this function body. Static review only; scripts/workflows/tests were not executed."
"tools/check-doc-links.ps1"	"67"	"85"	"Resolve-DocLink"	"STATIC-ONLY"	"Callable Resolve-DocLink reviewed against current source HEAD 18aa6eb64ba48666de620937211e0782dd6131c1 and relevant callers; no actionable defect observed in this function body. Static review only; scripts/workflows/tests were not executed."
"tools/check-doc-links.ps1"	"148"	"155"	"Test-KnownDocName"	"STATIC-ONLY"	"Callable Test-KnownDocName reviewed against current source HEAD 18aa6eb64ba48666de620937211e0782dd6131c1 and relevant callers; no actionable defect observed in this function body. Static review only; scripts/workflows/tests were not executed."
"tools/diag/run-matrix.ps1"	"118"	"118"	"Split-List"	"STATIC-ONLY"	"Callable Split-List reviewed against current source HEAD 18aa6eb64ba48666de620937211e0782dd6131c1 and relevant callers; no actionable defect observed in this function body. Static review only; scripts/workflows/tests were not executed."
"tools/diag/run-matrix.ps1"	"158"	"167"	"Resolve-WorkDir"	"STATIC-ONLY"	"Callable Resolve-WorkDir reviewed against current source HEAD 18aa6eb64ba48666de620937211e0782dd6131c1 and relevant callers; no actionable defect observed in this function body. Static review only; scripts/workflows/tests were not executed."
"tools/diag/run-matrix.ps1"	"183"	"188"	"Read-Fixtures"	"STATIC-ONLY"	"Callable Read-Fixtures reviewed against current source HEAD 18aa6eb64ba48666de620937211e0782dd6131c1 and relevant callers; no actionable defect observed in this function body. Static review only; scripts/workflows/tests were not executed."
"tools/diag/run-matrix.ps1"	"191"	"195"	"Resolve-ScenarioFile"	"STATIC-ONLY"	"Callable Resolve-ScenarioFile reviewed against current source HEAD 18aa6eb64ba48666de620937211e0782dd6131c1 and relevant callers; no actionable defect observed in this function body. Static review only; scripts/workflows/tests were not executed."
"tools/diag/run-matrix.ps1"	"235"	"239"	"Get-FixtureStat"	"STATIC-ONLY"	"Callable Get-FixtureStat reviewed against current source HEAD 18aa6eb64ba48666de620937211e0782dd6131c1 and relevant callers; no actionable defect observed in this function body. Static review only; scripts/workflows/tests were not executed."
"tools/diag/run-matrix.ps1"	"243"	"250"	"Test-FixtureUnchanged"	"ISSUE"	"R28 [P3], fixture mutation can evade the guard: Test-FixtureUnchanged compares only Count and total Bytes from Get-FixtureStat (lines 235-250); replacing or renaming a fixture while preserving both values leaves fixtureChanged=false and matrix cells are not marked suspect. Repro: during a run replace one photo with a different same-length file (or rename equal-length files) in the fixture directory. Remediation: compare a deterministic relative-path/length/last-write snapshot at minimum; if the contract is content identity, use hashes or file identity for the measured fixture set."
"tools/diag/run-matrix.ps1"	"252"	"262"	"Save-Matrix"	"STATIC-ONLY"	"Callable Save-Matrix reviewed against current source HEAD 18aa6eb64ba48666de620937211e0782dd6131c1 and relevant callers; no actionable defect observed in this function body. Static review only; scripts/workflows/tests were not executed."
"tools/diag/run-matrix.ps1"	"267"	"277"	"Clear-DiskCache"	"STATIC-ONLY"	"Callable Clear-DiskCache reviewed against current source HEAD 18aa6eb64ba48666de620937211e0782dd6131c1 and relevant callers; no actionable defect observed in this function body. Static review only; scripts/workflows/tests were not executed."
"tools/diag/run-matrix.ps1"	"279"	"302"	"Invoke-Session"	"STATIC-ONLY"	"Callable Invoke-Session reviewed against current source HEAD 18aa6eb64ba48666de620937211e0782dd6131c1 and relevant callers; no actionable defect observed in this function body. Static review only; scripts/workflows/tests were not executed."
"tools/diag/run-matrix.ps1"	"308"	"342"	"Invoke-ScenarioCell"	"STATIC-ONLY"	"Callable Invoke-ScenarioCell reviewed against current source HEAD 18aa6eb64ba48666de620937211e0782dd6131c1 and relevant callers; no actionable defect observed in this function body. Static review only; scripts/workflows/tests were not executed."
"tools/docs-budget.ps1"	"11"	"20"	"Get-DocTier"	"STATIC-ONLY"	"Callable Get-DocTier reviewed against current source HEAD 18aa6eb64ba48666de620937211e0782dd6131c1 and relevant callers; no actionable defect observed in this function body. Static review only; scripts/workflows/tests were not executed."
"tools/docs-budget.ps1"	"43"	"43"	"Format-KB"	"STATIC-ONLY"	"Callable Format-KB reviewed against current source HEAD 18aa6eb64ba48666de620937211e0782dd6131c1 and relevant callers; no actionable defect observed in this function body. Static review only; scripts/workflows/tests were not executed."
"tools/fetch-libraw.ps1"	"39"	"42"	"Get-Sha256"	"STATIC-ONLY"	"Callable Get-Sha256 reviewed against current source HEAD 18aa6eb64ba48666de620937211e0782dd6131c1 and relevant callers; no actionable defect observed in this function body. Static review only; scripts/workflows/tests were not executed."
"tools/fetch-libraw.ps1"	"44"	"50"	"Test-LibRawPins"	"STATIC-ONLY"	"Callable Test-LibRawPins reviewed against current source HEAD 18aa6eb64ba48666de620937211e0782dd6131c1 and relevant callers; no actionable defect observed in this function body. Static review only; scripts/workflows/tests were not executed."
"tools/fetch-libraw.ps1"	"52"	"73"	"Expand-LibRawPackage"	"STATIC-ONLY"	"Callable Expand-LibRawPackage reviewed against current source HEAD 18aa6eb64ba48666de620937211e0782dd6131c1 and relevant callers; no actionable defect observed in this function body. Static review only; scripts/workflows/tests were not executed."
"tools/fetch-libraw.ps1"	"75"	"87"	"Install-VerifiedFile"	"STATIC-ONLY"	"Callable Install-VerifiedFile reviewed against current source HEAD 18aa6eb64ba48666de620937211e0782dd6131c1 and relevant callers; no actionable defect observed in this function body. Static review only; scripts/workflows/tests were not executed."
"tools/fetch-raw-samples.ps1"	"25"	"179"	"Test-FetchRawSamplesSelfTest"	"STATIC-ONLY"	"Callable Test-FetchRawSamplesSelfTest reviewed against current source HEAD 18aa6eb64ba48666de620937211e0782dd6131c1 and relevant callers; no actionable defect observed in this function body. Static review only; scripts/workflows/tests were not executed."
"tools/fetch-raw-samples.ps1"	"181"	"191"	"Assert-RawSampleLicense"	"STATIC-ONLY"	"Callable Assert-RawSampleLicense reviewed against current source HEAD 18aa6eb64ba48666de620937211e0782dd6131c1 and relevant callers; no actionable defect observed in this function body. Static review only; scripts/workflows/tests were not executed."
"tools/fetch-raw-samples.ps1"	"193"	"203"	"Assert-RawSampleHash"	"STATIC-ONLY"	"Callable Assert-RawSampleHash reviewed against current source HEAD 18aa6eb64ba48666de620937211e0782dd6131c1 and relevant callers; no actionable defect observed in this function body. Static review only; scripts/workflows/tests were not executed."
"tools/fetch-raw-samples.ps1"	"205"	"214"	"Get-RawPixlsRepositoryRecords"	"STATIC-ONLY"	"Callable Get-RawPixlsRepositoryRecords reviewed against current source HEAD 18aa6eb64ba48666de620937211e0782dd6131c1 and relevant callers; no actionable defect observed in this function body. Static review only; scripts/workflows/tests were not executed."
"tools/fetch-raw-samples.ps1"	"216"	"254"	"ConvertFrom-RawPixlsRepositoryJson"	"STATIC-ONLY"	"Callable ConvertFrom-RawPixlsRepositoryJson reviewed against current source HEAD 18aa6eb64ba48666de620937211e0782dd6131c1 and relevant callers; no actionable defect observed in this function body. Static review only; scripts/workflows/tests were not executed."
"tools/fetch-raw-samples.ps1"	"256"	"288"	"Assert-RawPixlsLicenses"	"STATIC-ONLY"	"Callable Assert-RawPixlsLicenses reviewed against current source HEAD 18aa6eb64ba48666de620937211e0782dd6131c1 and relevant callers; no actionable defect observed in this function body. Static review only; scripts/workflows/tests were not executed."
"tools/fetch-raw-samples.ps1"	"290"	"306"	"Invoke-RawPixlsLicenseCheck"	"STATIC-ONLY"	"Callable Invoke-RawPixlsLicenseCheck reviewed against current source HEAD 18aa6eb64ba48666de620937211e0782dd6131c1 and relevant callers; no actionable defect observed in this function body. Static review only; scripts/workflows/tests were not executed."
"tools/fetch-raw-samples.ps1"	"308"	"351"	"Read-RawSampleManifest"	"STATIC-ONLY"	"Callable Read-RawSampleManifest reviewed against current source HEAD 18aa6eb64ba48666de620937211e0782dd6131c1 and relevant callers; no actionable defect observed in this function body. Static review only; scripts/workflows/tests were not executed."
"tools/fetch-raw-samples.ps1"	"353"	"368"	"Select-RawSamples"	"STATIC-ONLY"	"Callable Select-RawSamples reviewed against current source HEAD 18aa6eb64ba48666de620937211e0782dd6131c1 and relevant callers; no actionable defect observed in this function body. Static review only; scripts/workflows/tests were not executed."
"tools/generate-open-decisions.ps1"	"107"	"161"	"Get-DecisionFrontmatter"	"STATIC-ONLY"	"Callable Get-DecisionFrontmatter reviewed against current source HEAD 18aa6eb64ba48666de620937211e0782dd6131c1 and relevant callers; no actionable defect observed in this function body. Static review only; scripts/workflows/tests were not executed."
"tools/i18n-check.ps1"	"301"	"418"	"Invoke-SelfTest"	"STATIC-ONLY"	"Callable Invoke-SelfTest reviewed against current source HEAD 18aa6eb64ba48666de620937211e0782dd6131c1 and relevant callers; no actionable defect observed in this function body. Static review only; scripts/workflows/tests were not executed."
"tools/i18n-check.ps1"	"422"	"458"	"Remove-JsonComments"	"STATIC-ONLY"	"Callable Remove-JsonComments reviewed against current source HEAD 18aa6eb64ba48666de620937211e0782dd6131c1 and relevant callers; no actionable defect observed in this function body. Static review only; scripts/workflows/tests were not executed."
"tools/i18n-check.ps1"	"460"	"485"	"Get-Placeholders"	"STATIC-ONLY"	"Callable Get-Placeholders reviewed against current source HEAD 18aa6eb64ba48666de620937211e0782dd6131c1 and relevant callers; no actionable defect observed in this function body. Static review only; scripts/workflows/tests were not executed."
"tools/i18n-check.ps1"	"487"	"496"	"Read-Utf8Text"	"STATIC-ONLY"	"Callable Read-Utf8Text reviewed against current source HEAD 18aa6eb64ba48666de620937211e0782dd6131c1 and relevant callers; no actionable defect observed in this function body. Static review only; scripts/workflows/tests were not executed."
"tools/i18n-check.ps1"	"498"	"508"	"Test-JsonValid"	"STATIC-ONLY"	"Callable Test-JsonValid reviewed against current source HEAD 18aa6eb64ba48666de620937211e0782dd6131c1 and relevant callers; no actionable defect observed in this function body. Static review only; scripts/workflows/tests were not executed."
"tools/i18n-check.ps1"	"510"	"574"	"Read-Catalog"	"STATIC-ONLY"	"Callable Read-Catalog reviewed against current source HEAD 18aa6eb64ba48666de620937211e0782dd6131c1 and relevant callers; no actionable defect observed in this function body. Static review only; scripts/workflows/tests were not executed."
"tools/i18n-check.ps1"	"576"	"591"	"New-Row"	"STATIC-ONLY"	"Callable New-Row reviewed against current source HEAD 18aa6eb64ba48666de620937211e0782dd6131c1 and relevant callers; no actionable defect observed in this function body. Static review only; scripts/workflows/tests were not executed."
"tools/verify-all.ps1"	"64"	"79"	"Publish-ReleaseDirectory"	"STATIC-ONLY"	"Callable Publish-ReleaseDirectory reviewed against current source HEAD 18aa6eb64ba48666de620937211e0782dd6131c1 and relevant callers; no actionable defect observed in this function body. Static review only; scripts/workflows/tests were not executed."
"tools/verify-all.ps1"	"81"	"93"	"Find-TrxFiles"	"STATIC-ONLY"	"Callable Find-TrxFiles reviewed against current source HEAD 18aa6eb64ba48666de620937211e0782dd6131c1 and relevant callers; no actionable defect observed in this function body. Static review only; scripts/workflows/tests were not executed."
"tools/verify-all.ps1"	"95"	"140"	"Parse-TrxFile"	"STATIC-ONLY"	"Callable Parse-TrxFile reviewed against current source HEAD 18aa6eb64ba48666de620937211e0782dd6131c1 and relevant callers; no actionable defect observed in this function body. Static review only; scripts/workflows/tests were not executed."
"tools/verify-all.ps1"	"142"	"224"	"Generate-TestReport"	"STATIC-ONLY"	"Callable Generate-TestReport reviewed against current source HEAD 18aa6eb64ba48666de620937211e0782dd6131c1 and relevant callers; no actionable defect observed in this function body. Static review only; scripts/workflows/tests were not executed."
"tools/verify-all.ps1"	"226"	"242"	"Invoke-Gate"	"STATIC-ONLY"	"Callable Invoke-Gate reviewed against current source HEAD 18aa6eb64ba48666de620937211e0782dd6131c1 and relevant callers; no actionable defect observed in this function body. Static review only; scripts/workflows/tests were not executed."
"tools/verify-all.ps1"	"253"	"268"	"Get-XunitTestArgs"	"STATIC-ONLY"	"Callable Get-XunitTestArgs reviewed against current source HEAD 18aa6eb64ba48666de620937211e0782dd6131c1 and relevant callers; no actionable defect observed in this function body. Static review only; scripts/workflows/tests were not executed."
"tools/verify-all.ps1"	"275"	"282"	"Invoke-XunitTestArgs"	"STATIC-ONLY"	"Callable Invoke-XunitTestArgs reviewed against current source HEAD 18aa6eb64ba48666de620937211e0782dd6131c1 and relevant callers; no actionable defect observed in this function body. Static review only; scripts/workflows/tests were not executed."
